ID,A,B,C,AREA,SUBAREA,FRIENDS,ENEMIES,WORDS,IMAGES,DIF,CORR,ANCHOR,ITEM_USE,INDEX,Form_1,Form_2,Form_3,Form_4,Form_5,Form_6,Form_7,Form_8
ITEM0001,0.88548,-0.62177,0.07783,2,0002-01-01,1,1,52,4,41,0.35,3,0.0,1,,,Form_3,,,Form_6,,
ITEM0002,1.00774,0.56841,0.09524,2,0002-02-01,1,,38,0,17,0.15,3,0.0,2,,,Form_3,,,Form_6,,
ITEM0004,1.07187,-0.72463,0.04865,3,0003-01-01,1,,33,4,60,0.27,3,0.0,3,,,Form_3,,,Form_6,,
ITEM0009,0.79657,0.64729,0.05826,2,0002-03-01,12,,60,4,35,0.5,1,0.0,4,Form_1,,,Form_4,,,Form_7,
ITEM0008,0.8701,0.95398,0.13337,2,0002-02-01,15,,36,1,14,0.21,2,0.0,5,,Form_2,,,Form_5,,,Form_8
ITEM0010,1.12736,-0.65362,0.0754,1,0001-01-01,15,,29,5,47,0.15,2,0.0,6,,Form_2,,,Form_5,,,Form_8
ITEM0012,0.68797,0.46714,0.06195,4,0004-03-01,17,,58,1,32,0.5,3,0.0,7,,,Form_3,,,Form_6,,
ITEM0013,0.85052,1.99722,0.09789,4,0004-01-01,18,,40,4,51,0.4,3,0.0,8,,,Form_3,,,Form_6,,
ITEM0014,0.87269,-1.26518,0.06343,2,0002-02-01,19,,20,3,50,0.38,0,0.0,9,,,,,,,,
ITEM0015,0.88567,-0.20955,0.09393,2,0002-03-01,19,1,45,3,41,0.14,0,0.0,10,,,,,,,,
ITEM0016,0.86801,-1.81459,0.07482,3,0003-01-01,20,,44,4,18,0.31,3,0.0,11,,,Form_3,,,Form_6,,
ITEM0017,0.64289,-1.73875,0.11936,4,0004-02-01,22,1,21,3,77,0.25,1,0.0,12,Form_1,,,Form_4,,,Form_7,
ITEM0018,0.84077,-0.589,0.19545,2,0002-03-01,,,55,4,36,0.3,0,0.0,13,,,Form_3,,,,,
ITEM0019,0.88847,1.16063,0.0826,2,0002-01-01,23,,27,0,43,0.17,2,0.0,14,,Form_2,,,Form_5,,,Form_8
ITEM0020,0.81902,1.00354,0.16831,2,0002-02-01,25,,33,3,80,0.4,3,0.0,15,,,Form_3,,,Form_6,,
ITEM0021,0.9118,0.04482,0.08642,1,0001-03-01,25,,55,1,46,0.24,0,0.0,16,,Form_2,,,,,,
ITEM0022,0.81241,-1.59238,0.0634,3,0003-01-01,25,,23,1,70,0.36,3,0.0,17,,,Form_3,,,Form_6,,
ITEM0023,0.77538,-0.71848,0.05483,3,0003-02-01,26,,54,4,74,0.3,0,0.0,18,Form_1,,,,,,,
ITEM0024,1.07524,0.643,0.09099,3,0003-03-01,26,,54,1,42,0.3,1,0.0,19,Form_1,,,Form_4,,,Form_7,
ITEM0026,1.11824,-2.03183,0.07209,4,0004-02-01,29,,54,1,41,0.19,1,0.0,20,Form_1,,,Form_4,,,Form_7,
ITEM0027,0.75619,-0.89245,0.15019,3,0003-03-01,31,,31,2,61,0.3,0,0.0,21,,Form_2,,,,,,
ITEM0028,0.9245,-0.57467,0.09919,3,0003-01-01,31,,59,0,69,0.23,2,0.0,22,,Form_2,,,Form_5,,,Form_8
ITEM0029,0.87408,1.86121,0.11741,4,0004-02-01,31,,43,0,78,0.3,0,0.0,23,,Form_2,,,,,,
ITEM0030,0.96693,-0.51581,0.03734,3,0003-03-01,32,,37,5,17,0.12,0,0.0,24,,Form_2,,,,,,
ITEM0031,0.97599,2.76423,0.08252,1,0001-01-01,34,,34,0,14,0.35,1,0.0,25,Form_1,,,Form_4,,,Form_7,
ITEM0032,0.9305,1.77875,0.19077,1,0001-02-01,35,,31,0,30,0.14,3,0.0,26,,,Form_3,,,Form_6,,
ITEM0033,0.7591,-0.39276,0.02882,2,0002-03-01,37,1,60,5,20,0.25,0,0.0,27,,,,,,,,
ITEM0034,0.77858,-0.7596,0.10047,3,0003-01-01,38,1,49,1,60,0.3,0,0.0,28,,,,,,,,
ITEM0035,1.2366,0.07415,0.08355,3,0003-02-01,39,,44,1,22,0.31,0,0.0,29,,,Form_3,,,,,
ITEM0036,0.66339,-0.85677,0.1453,2,0002-03-01,39,,46,4,54,0.49,0,0.0,30,,,Form_3,,,,,
ITEM0037,1.48968,-0.10042,0.16912,2,0002-01-01,40,,30,0,66,0.42,0,0.0,31,Form_1,,,,,,,
ITEM0038,0.85507,0.72304,0.08268,4,0004-02-01,41,,55,2,23,0.19,2,0.0,32,,Form_2,,,Form_5,,,Form_8
ITEM0039,0.79135,0.63562,0.08942,4,0004-03-01,43,,38,2,39,0.42,0,0.0,33,Form_1,,,,,,,
ITEM0040,0.90462,1.58554,0.07648,3,0003-01-01,43,,37,3,27,0.48,0,0.0,34,Form_1,,,,,,,
ITEM0041,0.90211,-0.88364,0.17824,2,0002-02-01,43,,46,3,68,0.37,1,0.0,35,Form_1,,,Form_4,,,Form_7,
ITEM0042,0.70796,-2.36137,0.09,3,0003-03-01,43,,23,5,30,0.34,0,0.0,36,Form_1,,,,,,,
ITEM0043,0.62578,-2.07427,0.10774,3,0003-01-01,44,,42,4,54,0.48,0,0.0,37,,,,,,,,Form_8
ITEM0044,0.97832,-1.89424,0.05801,4,0004-02-01,45,,56,2,37,0.3,0,0.0,38,,,Form_3,,,,,
ITEM0045,0.87715,2.19265,0.10459,3,0003-03-01,46,,46,5,52,0.27,0,0.0,39,,,Form_3,,,,,
ITEM0046,1.05199,-0.97331,0.06731,4,0004-01-01,46,,37,5,76,0.16,3,0.0,40,,,Form_3,,,Form_6,,
ITEM0047,0.64975,0.24369,0.10486,3,0003-02-01,46,,54,1,43,0.33,0,0.0,41,,,Form_3,,,,,
ITEM0048,0.57689,0.61335,0.03836,4,0004-03-01,47,,32,4,67,0.23,0,0.0,42,Form_1,,,,,,,
ITEM0049,0.7016,-1.34513,0.08869,3,0003-01-01,48,,31,2,68,0.33,0,0.0,43,,,Form_3,,,,,
ITEM0050,0.77325,-0.36181,0.09425,3,0003-02-01,48,,46,4,49,0.23,4,0.0,44,,,,,,,,
ITEM0051,0.76527,-1.51688,0.10299,2,0002-03-01,49,,56,0,29,0.42,0,0.0,45,,,,,,,,
ITEM0052,0.73743,0.76852,0.03241,3,0003-01-01,49,,60,5,39,0.14,0,0.0,46,,,,,,,,
ITEM0053,0.93052,0.9981,0.22547,4,0004-02-01,49,,59,4,53,0.36,0,0.0,47,,,,,,,,
ITEM0054,1.11809,-1.67409,0.17775,1,0001-03-01,50,,60,1,20,0.48,1,0.0,48,Form_1,,,Form_4,,,Form_7,
ITEM0055,1.06198,0.52885,0.05305,1,0001-01-01,51,,33,4,43,0.33,0,0.0,49,Form_1,,,,,,,
ITEM0056,1.2068,-0.80913,0.08415,1,0001-02-01,51,,22,0,49,0.48,1,0.0,50,Form_1,,,Form_4,,,Form_7,
ITEM0057,1.04753,-1.43707,0.07524,1,0001-03-01,53,2,59,1,15,0.12,0,0.0,51,,,,,,,,
ITEM0058,1.08746,1.68834,0.16851,3,0003-01-01,54,,59,2,80,0.25,0,0.0,52,,,,Form_4,,,,
ITEM0059,0.7308,-0.90531,0.10404,2,0002-02-01,54,,31,3,65,0.38,4,0.0,53,,,,,,,,
ITEM0060,0.82954,-0.22011,0.0295,4,0004-03-01,54,2,36,2,50,0.5,0,0.0,54,,,,Form_4,,,,
ITEM0061,0.80329,0.19536,0.11514,3,0003-01-01,55,,59,4,18,0.15,0,0.0,55,,,,,,,,
ITEM0062,1.02794,-1.6899,0.05323,4,0004-02-01,55,,38,5,42,0.37,0,0.0,56,,,,,,,,
ITEM0063,0.76433,0.44945,0.08732,4,0004-03-01,56,,27,0,76,0.12,0,0.0,57,,,,,,,,
ITEM0064,0.84451,0.62966,0.04905,3,0003-01-01,56,,20,2,19,0.41,0,0.0,58,,,,,,,,
ITEM0065,0.92535,-1.67509,0.11061,4,0004-02-01,56,,31,1,25,0.42,0,0.0,59,,,,,,,,
ITEM0066,1.25464,-0.47086,0.18447,4,0004-03-01,57,,55,1,40,0.31,0,0.0,60,,Form_2,,,,,,
ITEM0067,0.77858,-0.42526,0.02199,4,0004-01-01,57,,29,0,64,0.14,0,0.0,61,,Form_2,,,,,,
ITEM0068,1.00191,1.42997,0.06354,2,0002-02-01,58,,26,2,71,0.5,0,0.0,62,,,,,Form_5,,,
ITEM0069,1.3195,-0.38972,0.1975,3,0003-03-01,58,,48,5,49,0.36,0,0.0,63,,,,,Form_5,,,
ITEM0070,1.07811,1.76099,0.11651,3,0003-01-01,59,,41,0,44,0.31,0,0.0,64,,,,,,Form_6,,
ITEM0071,1.21868,2.24896,0.12943,3,0003-02-01,59,,40,4,40,0.5,0,0.0,65,,,,,,Form_6,,
ITEM0072,0.87434,-0.76288,0.02995,3,0003-03-01,60,,43,3,68,0.36,0,0.0,66,,,,,Form_5,,,
ITEM0073,0.83605,1.1303,0.04683,4,0004-01-01,60,,28,3,21,0.3,0,0.0,67,,,,,Form_5,,,
ITEM0074,0.90405,0.57755,0.16198,4,0004-02-01,60,,43,2,60,0.4,4,0.0,68,,,,,,,,
ITEM0075,0.82625,-2.13463,0.09736,4,0004-03-01,61,,54,5,41,0.31,0,0.0,69,,,,,,,,
ITEM0076,0.94985,-0.97421,0.05742,4,0004-01-01,61,2,33,3,30,0.41,0,0.0,70,,,,,,,,
ITEM0077,0.98361,-0.31063,0.11543,1,0001-02-01,61,,22,3,51,0.26,0,0.0,71,,,,,,,,
ITEM0078,0.99715,-0.76228,0.10106,3,0003-03-01,65,,36,2,70,0.4,0,0.0,72,,,,,,,,
ITEM0079,0.59733,-0.56983,0.08748,2,0002-01-01,67,,47,0,32,0.4,0,0.0,73,,,Form_3,,,,,
ITEM0080,1.05622,-0.65426,0.13019,1,0001-02-01,68,,52,3,34,0.12,0,0.0,74,,,Form_3,,,,,
ITEM0081,0.82809,-0.91259,0.05251,2,0002-03-01,70,,52,0,18,0.41,0,0.0,75,,Form_2,,,,,,
ITEM0082,0.89653,-0.24516,0.06413,4,0004-01-01,71,,26,4,59,0.19,0,0.0,76,,,,,,,,
ITEM0083,0.98314,-1.1985,0.16409,4,0004-02-01,71,,26,5,65,0.21,0,0.0,77,,,,,,,,
ITEM0084,1.09688,-1.13752,0.12108,4,0004-03-01,,3,45,1,53,0.44,4,0.0,78,,,,,,,,
ITEM0085,1.29315,-0.31546,0.09512,2,0002-01-01,71,,36,5,74,0.4,0,0.0,79,,,,,,,,
ITEM0086,0.83557,-0.56865,0.0982,1,0001-02-01,,,45,1,32,0.13,3,0.0,80,,,Form_3,,,Form_6,,
ITEM0087,1.06868,-1.26562,0.06618,2,0002-03-01,71,,50,4,69,0.12,0,0.0,81,,,,,,,,
ITEM0088,1.09868,0.03741,0.06303,4,0004-01-01,73,,33,4,65,0.34,0,0.0,82,,,,,,,,
ITEM0089,0.79152,1.19758,0.10506,4,0004-02-01,73,,39,4,58,0.2,0,0.0,83,,,,,,,,
ITEM0090,1.57651,0.52037,0.15863,3,0003-03-01,73,,31,5,50,0.5,0,0.0,84,,,,,,,,
ITEM0091,1.07324,-0.39798,0.05848,2,0002-01-01,76,,60,0,31,0.34,0,0.0,85,,Form_2,,,,,,
ITEM0092,1.12829,-0.87902,0.17726,4,0004-02-01,77,,50,4,75,0.16,0,0.0,86,,,,,,,,
ITEM0093,0.93335,3.66264,0.09351,4,0004-03-01,77,2,39,4,77,0.18,0,0.0,87,,,,,,,,
ITEM0094,0.8725,-1.07071,0.05694,1,0001-01-01,78,,42,4,23,0.44,0,0.0,88,,,Form_3,,,,,
ITEM0095,0.85202,-1.21159,0.06049,3,0003-02-01,79,,25,5,68,0.19,0,0.0,89,,Form_2,,,,,,
ITEM0096,0.90424,-1.79109,0.04509,1,0001-03-01,79,,54,2,17,0.25,0,0.0,90,,Form_2,,,,,,
ITEM0097,0.96842,-0.407,0.22793,1,0001-01-01,79,,32,4,29,0.33,2,0.0,91,,Form_2,,,Form_5,,,Form_8
ITEM0098,0.9502,-0.55631,0.1034,2,0002-02-01,80,,31,2,78,0.17,0,0.0,92,,,,,,,,
ITEM0099,0.66123,-2.15132,0.08986,4,0004-03-01,80,,42,0,65,0.44,0,0.0,93,,,,,,,,
ITEM0100,0.96695,1.21506,0.09811,2,0002-01-01,81,,30,0,50,0.31,0,0.0,94,,,Form_3,,,,,
ITEM0101,0.66979,0.44099,0.08761,2,0002-02-01,83,,45,2,25,0.47,0,0.0,95,,,,,,,,
ITEM0102,0.9418,1.30631,0.06243,2,0002-03-01,83,,40,0,35,0.34,0,0.0,96,,,,,,,,
ITEM0103,1.06731,-0.78638,0.0917,1,0001-01-01,83,,40,1,38,0.32,0,0.0,97,,,,,,,,
ITEM0104,0.71969,-1.81687,0.11125,4,0004-02-01,84,,55,0,65,0.2,0,0.0,98,,,,,,,,Form_8
ITEM0105,0.81513,2.90003,0.10163,2,0002-03-01,84,,58,5,49,0.21,0,0.0,99,,,,,,,,Form_8
ITEM0106,1.28989,-1.17478,0.12532,4,0004-01-01,85,,41,0,20,0.22,0,0.0,100,,,,,,,,
ITEM0107,0.80745,0.59261,0.08248,3,0003-02-01,85,3,45,1,40,0.38,0,0.0,101,,,,,,,,
ITEM0108,0.64735,-1.22642,0.06785,4,0004-03-01,86,,41,4,63,0.27,0,0.0,102,,,Form_3,,,,,
ITEM0109,0.9321,0.27182,0.04932,1,0001-01-01,86,,33,1,38,0.34,0,0.0,103,,,Form_3,,,,,
ITEM0110,1.04799,-0.97743,0.11016,4,0004-02-01,87,,57,2,26,0.24,0,0.0,104,,,,Form_4,,,,
ITEM0111,0.99438,-0.02322,0.09888,4,0004-03-01,87,3,27,5,49,0.27,0,0.0,105,,,,Form_4,,,,
ITEM0112,0.93312,0.13395,0.16417,1,0001-01-01,88,,37,1,23,0.39,0,0.0,106,,,,,,Form_6,,
ITEM0113,0.716,-1.41524,0.08294,4,0004-02-01,88,,38,4,53,0.44,0,0.0,107,,,,,,Form_6,,
ITEM0114,1.09587,-1.41738,0.07638,4,0004-03-01,88,,59,2,71,0.14,0,0.0,108,,,,,,Form_6,,
ITEM0115,0.90761,-0.7706,0.06736,4,0004-01-01,88,,43,3,48,0.16,0,0.0,109,,,,,,Form_6,,
ITEM0116,0.85473,-0.35627,0.09651,3,0003-02-01,89,,25,3,30,0.45,0,0.0,110,,,,,,,,
ITEM0117,1.09429,-1.82042,0.14075,3,0003-03-01,89,,34,2,44,0.14,0,0.0,111,,,,,,,,
ITEM0118,0.49333,1.59695,0.14735,4,0004-01-01,89,,37,0,68,0.27,0,0.0,112,,,,,,,,
ITEM0119,1.08824,3.34168,0.09527,2,0002-02-01,89,,59,5,33,0.35,0,0.0,113,,,,,,,,
ITEM0120,0.81012,-0.05328,0.09352,4,0004-03-01,90,,52,2,31,0.28,0,0.0,114,,,,,,,,
ITEM0121,1.09299,1.1737,0.23582,3,0003-01-01,90,,26,3,19,0.21,0,0.0,115,,,,,,,,
ITEM0122,0.92566,-2.64625,0.06524,4,0004-02-01,90,,48,5,31,0.4,0,0.0,116,,,,,,,,
ITEM0123,0.95085,0.74187,0.05292,3,0003-03-01,91,,28,3,29,0.28,0,0.0,117,,,,,,,,
ITEM0124,0.65911,-0.07746,0.12426,4,0004-01-01,91,,37,5,28,0.18,0,0.0,118,,,,,,,,
ITEM0125,0.76795,-1.67037,0.14131,1,0001-02-01,93,,23,1,16,0.38,4,0.0,119,,,,,,,,
ITEM0126,0.80294,-0.71173,0.16529,1,0001-03-01,94,,33,3,53,0.21,4,0.0,120,,,,,,,,
ITEM0127,0.5898,-1.17885,0.12377,1,0001-01-01,96,,26,3,48,0.32,0,0.0,121,,,,,,,,
ITEM0128,1.09515,-0.84639,0.11132,2,0002-02-01,96,,33,3,75,0.19,0,0.0,122,,,,,,,,
ITEM0129,1.33312,-1.0912,0.13874,2,0002-03-01,97,,58,1,19,0.31,0,0.0,123,,,Form_3,,,,,
ITEM0130,0.71668,1.40408,0.14637,4,0004-01-01,98,,37,0,63,0.4,2,0.0,124,,Form_2,,,Form_5,,,Form_8
ITEM0131,0.63074,-1.68325,0.21702,3,0003-02-01,100,,53,3,55,0.3,0,0.0,125,,,,,,,Form_7,
ITEM0132,0.98835,-0.06741,0.16831,2,0002-03-01,101,,35,0,28,0.18,0,0.0,126,,,,Form_4,,,,
ITEM0133,1.02529,1.01721,0.12526,1,0001-01-01,102,,39,2,20,0.47,0,0.0,127,,,,,,,,
ITEM0134,0.90794,0.95107,0.13411,4,0004-02-01,102,,37,0,43,0.2,0,0.0,128,,,,,,,,
ITEM0135,0.80623,-1.24563,0.12201,3,0003-03-01,102,,60,1,58,0.35,0,0.0,129,,,,,,,,
ITEM0136,1.05071,-0.81772,0.11574,4,0004-01-01,102,,29,5,19,0.15,0,0.0,130,,,,,,,,
ITEM0137,1.09591,0.67667,0.06599,1,0001-02-01,102,,34,2,70,0.29,0,0.0,131,,,,,,,,
ITEM0138,0.7684,-0.06725,0.13818,2,0002-03-01,102,,60,5,23,0.27,0,0.0,132,,,,,,,,
ITEM0139,1.18173,-0.85171,0.04763,1,0001-01-01,103,,40,2,35,0.24,0,0.0,133,,,,,,,Form_7,
ITEM0140,0.82382,0.3104,0.083,4,0004-02-01,103,,51,4,50,0.31,0,0.0,134,,,,,,,Form_7,
ITEM0141,1.2431,-0.88082,0.03919,3,0003-03-01,103,,21,2,15,0.29,0,0.0,135,,,,,,,Form_7,
ITEM0142,0.90256,0.88638,0.11675,4,0004-01-01,104,,28,4,77,0.32,0,0.0,136,,,,,,,,
ITEM0143,1.43847,-0.56342,0.07348,1,0001-02-01,104,,33,0,78,0.31,0,0.0,137,,,,,,,,
ITEM0144,1.00533,0.79749,0.16058,3,0003-03-01,104,,42,2,42,0.38,0,0.0,138,,,,,,,,
ITEM0145,0.63205,-0.39418,0.08105,1,0001-01-01,105,,49,1,51,0.31,4,0.0,139,,,,,,,,
ITEM0146,0.64855,0.62116,0.04989,4,0004-02-01,105,,24,1,35,0.33,0,0.0,140,Form_1,,,,,,,
ITEM0147,0.97276,1.29102,0.1016,4,0004-03-01,106,,55,0,60,0.4,4,0.0,141,,,,,,,,
ITEM0148,1.37496,1.03736,0.13204,2,0002-01-01,107,,36,0,48,0.26,0,0.0,142,,,Form_3,,,,,
ITEM0149,0.8682,-0.68799,0.0494,4,0004-02-01,107,,33,3,71,0.28,3,0.0,143,,,Form_3,,,Form_6,,
ITEM0150,1.18987,-0.99914,0.05121,3,0003-03-01,108,,44,4,35,0.38,0,0.0,144,,,,,,,,Form_8
ITEM0151,1.16509,0.84856,0.11908,2,0002-01-01,108,,32,2,59,0.25,0,0.0,145,,,,,,,,Form_8
ITEM0152,1.05318,-0.01788,0.03593,4,0004-02-01,110,,27,4,43,0.16,0,0.0,146,,,Form_3,,,,,
ITEM0153,0.9135,-0.83463,0.11642,4,0004-03-01,111,,47,2,40,0.37,0,0.0,147,,,,,,,,
ITEM0154,0.98336,1.74733,0.08271,3,0003-01-01,111,,27,0,74,0.12,0,0.0,148,,,,,,,,
ITEM0155,0.85621,0.58376,0.20312,3,0003-02-01,112,,51,1,49,0.49,0,0.0,149,,,,,,,,
ITEM0156,0.67806,-0.81176,0.03953,1,0001-03-01,112,,50,4,51,0.34,0,0.0,150,,,,,,,,
ITEM0157,0.75102,-1.2376,0.12299,3,0003-01-01,112,,25,2,73,0.12,0,0.0,151,,,,,,,,
ITEM0158,0.88475,-2.59776,0.07795,1,0001-02-01,112,,27,0,50,0.5,0,0.0,152,,,,,,,,
ITEM0159,0.93069,-0.29407,0.1328,3,0003-03-01,112,,35,5,47,0.21,0,0.0,153,,,,,,,,
ITEM0160,0.96574,0.95309,0.11525,2,0002-01-01,112,,60,4,36,0.47,0,0.0,154,,,,,,,,
ITEM0161,1.01986,0.58132,0.10165,2,0002-02-01,113,,20,1,65,0.22,0,0.0,155,,,,,Form_5,,,
ITEM0162,0.78146,-0.34598,0.0625,1,0001-03-01,113,,56,0,32,0.43,0,0.0,156,,,,,Form_5,,,
ITEM0163,1.18801,-2.22294,0.07146,3,0003-01-01,115,,57,3,66,0.37,0,0.0,157,,,,,,,,
ITEM0164,0.81623,0.21732,0.09127,2,0002-02-01,115,,36,1,26,0.23,0,0.0,158,,,,,,,,
ITEM0165,0.87758,-0.98002,0.05011,2,0002-03-01,115,,32,5,70,0.48,0,0.0,159,,,,,,,,
ITEM0166,0.71285,-1.15206,0.16238,3,0003-01-01,116,,25,3,58,0.34,0,0.0,160,,,,,,,,
ITEM0167,1.16938,1.62966,0.05767,3,0003-02-01,116,,29,3,22,0.23,0,0.0,161,,,,,,,,
ITEM0168,0.97835,-0.33386,0.08284,3,0003-03-01,117,,56,2,53,0.4,0,0.0,162,,,,,,,,
ITEM0169,0.62072,0.34191,0.11362,2,0002-01-01,118,,36,1,59,0.22,0,0.0,163,,,,Form_4,,,,
ITEM0170,0.99761,2.0493,0.04637,3,0003-02-01,118,,50,3,29,0.38,0,0.0,164,,,,Form_4,,,,
ITEM0171,1.03497,1.74357,0.15044,3,0003-03-01,119,,20,2,66,0.24,0,0.0,165,,Form_2,,,,,,
ITEM0172,0.94879,1.4033,0.13358,4,0004-01-01,119,,47,4,38,0.13,0,0.0,166,,Form_2,,,,,,
ITEM0173,0.95944,-0.92496,0.09509,1,0001-02-01,120,,28,1,72,0.39,0,0.0,167,,,,,,,,
ITEM0174,0.7634,0.63091,0.07524,3,0003-03-01,120,,21,2,54,0.37,0,0.0,168,,,,,,,,
ITEM0175,0.7099,0.80977,0.0639,3,0003-01-01,120,,47,3,38,0.37,0,0.0,169,,,,,,,,
ITEM0176,1.0521,-0.63551,0.12543,1,0001-02-01,121,,37,2,17,0.42,0,0.0,170,,Form_2,,,,,,
ITEM0177,0.76212,-1.34497,0.19663,2,0002-03-01,121,,39,5,29,0.46,0,0.0,171,,Form_2,,,,,,
ITEM0178,1.43956,-1.27674,0.21738,1,0001-01-01,121,,20,4,46,0.44,0,0.0,172,,Form_2,,,,,,
ITEM0179,0.66475,-1.81827,0.04952,3,0003-02-01,122,,50,0,66,0.33,0,0.0,173,,,,,,,,
ITEM0180,0.74106,-0.18504,0.14852,1,0001-03-01,124,,59,1,31,0.4,0,0.0,174,,,,,Form_5,,,
ITEM0181,0.73735,-0.31118,0.15399,1,0001-01-01,125,,59,0,71,0.46,0,0.0,175,,,,,,,,
ITEM0182,1.19756,-0.33802,0.1182,1,0001-02-01,125,,33,2,53,0.15,0,0.0,176,,,,,,,,
ITEM0183,1.21004,0.89802,0.1449,4,0004-03-01,125,,48,1,45,0.39,0,0.0,177,,,,,,,,
ITEM0184,1.08057,-0.57119,0.10835,2,0002-01-01,126,,42,2,32,0.16,0,0.0,178,,,,Form_4,,,,
ITEM0185,0.88182,1.23185,0.13578,2,0002-02-01,126,,25,4,35,0.44,0,0.0,179,,,,Form_4,,,,
ITEM0186,0.94965,2.24058,0.08183,3,0003-03-01,127,,50,4,53,0.19,0,0.0,180,,,Form_3,,,,,
ITEM0187,1.00229,-1.37841,0.12862,3,0003-01-01,127,,48,4,53,0.47,3,0.0,181,,,Form_3,,,Form_6,,
ITEM0188,0.74139,-0.6256,0.15454,2,0002-02-01,127,,40,5,18,0.37,0,0.0,182,,,Form_3,,,,,
ITEM0189,0.82386,0.56085,0.08914,3,0003-03-01,129,,53,5,64,0.18,0,0.0,183,,,,,,Form_6,,
ITEM0190,0.87011,-0.04286,0.10707,4,0004-01-01,130,,54,4,71,0.16,0,0.0,184,,,,,,,,Form_8
ITEM0191,0.88107,2.30333,0.10465,1,0001-02-01,130,,54,0,73,0.48,0,0.0,185,,,,,,,,Form_8
ITEM0192,0.82245,-0.6511,0.05816,4,0004-03-01,130,,57,2,50,0.15,0,0.0,186,,,,,,,,Form_8
ITEM0193,1.00812,-1.15563,0.11776,1,0001-01-01,130,,50,4,35,0.43,0,0.0,187,,,,,,,,Form_8
ITEM0194,0.80212,-0.3021,0.10471,1,0001-02-01,131,,27,1,33,0.47,0,0.0,188,,,,,Form_5,,,
ITEM0195,0.81079,1.60463,0.10405,3,0003-03-01,132,,39,5,37,0.48,0,0.0,189,,,,,Form_5,,,
ITEM0196,0.91505,0.77024,0.09686,2,0002-01-01,132,,58,4,47,0.19,0,0.0,190,,,,,Form_5,,,
ITEM0197,1.03575,-1.85224,0.16685,2,0002-02-01,133,,44,3,67,0.49,0,0.0,191,,,,,,,,
ITEM0198,0.98149,-1.50238,0.06038,3,0003-03-01,134,,44,1,47,0.43,0,0.0,192,,,,,,,,
ITEM0199,1.13383,-0.39245,0.18672,4,0004-01-01,134,,48,0,46,0.37,0,0.0,193,,,,,,,,
ITEM0200,0.85989,0.7358,0.14644,2,0002-02-01,135,,51,4,41,0.22,0,0.0,194,Form_1,,,,,,,
ITEM0201,0.94472,-0.05813,0.09778,4,0004-03-01,135,,36,1,45,0.19,0,0.0,195,Form_1,,,,,,,
ITEM0202,1.10437,-1.5587,0.11807,3,0003-01-01,136,,35,3,14,0.24,0,0.0,196,,,,Form_4,,,,
ITEM0203,0.86889,1.55789,0.0962,2,0002-02-01,136,,26,5,27,0.3,0,0.0,197,,,,Form_4,,,,
ITEM0204,1.01148,-1.47099,0.09469,2,0002-03-01,138,,31,2,56,0.17,0,0.0,198,,,,,Form_5,,,
ITEM0205,0.81863,-0.28905,0.10286,3,0003-01-01,139,,28,2,20,0.47,0,0.0,199,,,,,,,,
ITEM0206,0.9088,1.98178,0.12373,1,0001-02-01,139,,59,5,67,0.24,0,0.0,200,,,,,,,,
ITEM0207,0.5884,-1.69507,0.04067,4,0004-03-01,139,,49,1,60,0.44,0,0.0,201,,,,,,,,
ITEM0208,1.05089,0.16693,0.08615,4,0004-01-01,140,,44,5,36,0.21,0,0.0,202,,,Form_3,,,,,
ITEM0209,0.86702,0.31086,0.05984,4,0004-02-01,140,,46,2,39,0.12,0,0.0,203,,,Form_3,,,,,
ITEM0210,0.96235,0.93808,0.05261,4,0004-03-01,141,,50,4,45,0.14,0,0.0,204,,,Form_3,,,,,
ITEM0211,1.01313,-0.01804,0.11143,3,0003-01-01,141,,29,0,69,0.5,0,0.0,205,,,Form_3,,,,,
ITEM0212,1.12224,-1.58934,0.15148,4,0004-02-01,142,,26,5,34,0.24,0,0.0,206,,,,,Form_5,,,
ITEM0213,1.00311,-0.42835,0.08991,3,0003-03-01,143,,38,3,41,0.16,0,0.0,207,,Form_2,,,,,,
ITEM0214,1.1941,1.15479,0.15672,1,0001-01-01,143,,43,0,44,0.12,0,0.0,208,,Form_2,,,,,,
ITEM0215,0.79274,-0.14833,0.05268,1,0001-02-01,144,,34,0,63,0.44,0,0.0,209,Form_1,,,,,,,
ITEM0216,1.28039,-1.3889,0.07707,1,0001-03-01,144,,34,5,27,0.2,0,0.0,210,Form_1,,,,,,,
ITEM0217,0.60477,-0.28994,0.0626,4,0004-01-01,144,,46,5,49,0.41,0,0.0,211,Form_1,,,,,,,
ITEM0218,0.8704,-0.94042,0.0604,1,0001-02-01,145,,23,0,65,0.34,0,0.0,212,,,,,,,,
ITEM0219,0.74087,-0.23408,0.06101,2,0002-03-01,145,,30,2,58,0.38,0,0.0,213,,,,,,,,
ITEM0220,0.95287,-9.0e-5,0.08994,2,0002-01-01,145,,20,1,69,0.44,0,0.0,214,,,,,,,,
ITEM0221,1.01271,-0.09659,0.08433,2,0002-02-01,145,,35,1,57,0.22,0,0.0,215,,,,,,,,
ITEM0222,0.8362,-1.48266,0.04491,2,0002-03-01,146,,47,4,20,0.28,0,0.0,216,,,,,,,,
ITEM0223,0.89743,-0.33245,0.02808,4,0004-01-01,146,,59,1,38,0.13,0,0.0,217,,,,,,,,
ITEM0224,0.85163,0.02134,0.0894,2,0002-02-01,147,,57,1,53,0.38,0,0.0,218,,,,,,,,
ITEM0225,0.90632,1.52489,0.10087,3,0003-03-01,147,,57,1,69,0.27,0,0.0,219,,,,,,,,
ITEM0226,1.25597,-0.48202,0.07069,1,0001-01-01,147,,60,0,79,0.37,0,0.0,220,,,,,,,,
ITEM0227,0.92154,-0.39891,0.12186,2,0002-02-01,147,,33,3,71,0.16,0,0.0,221,,,,,,,,
ITEM0228,0.95438,-0.76598,0.08652,2,0002-03-01,149,,26,1,69,0.34,0,0.0,222,,,,,Form_5,,,
ITEM0229,0.85917,-1.93541,0.1383,2,0002-01-01,151,,37,3,46,0.45,0,0.0,223,,,,,,,,
ITEM0230,0.86693,0.68968,0.08531,2,0002-02-01,151,,46,1,39,0.18,0,0.0,224,,,,,,,,
ITEM0231,1.27779,2.05652,0.06039,4,0004-03-01,151,,59,3,28,0.33,0,0.0,225,,,,,,,,
ITEM0232,0.89224,-1.24619,0.06257,2,0002-01-01,151,,35,1,66,0.41,0,0.0,226,,,,,,,,
ITEM0233,1.07048,-0.28792,0.06576,3,0003-02-01,152,,21,5,71,0.36,0,0.0,227,,,,,,,,
ITEM0234,0.61007,-0.4823,0.13927,1,0001-03-01,153,,43,0,58,0.19,0,0.0,228,,,,,Form_5,,,
ITEM0235,0.8531,1.96731,0.1309,2,0002-01-01,154,,60,2,77,0.22,0,0.0,229,,,,,,,,
ITEM0236,0.72283,0.50573,0.188,1,0001-02-01,154,,59,3,44,0.46,0,0.0,230,,,,,,,,
ITEM0237,0.85962,0.52942,0.09015,3,0003-03-01,156,,51,3,32,0.34,0,0.0,231,Form_1,,,,,,,
ITEM0238,1.28668,-1.47851,0.09271,2,0002-01-01,156,,20,0,49,0.4,0,0.0,232,Form_1,,,,,,,
ITEM0239,1.16848,1.50468,0.12857,2,0002-02-01,157,,24,2,59,0.26,0,0.0,233,,,,,,Form_6,,
ITEM0240,1.02364,0.32203,0.06961,4,0004-03-01,158,,46,0,28,0.5,0,0.0,234,,,,,,,Form_7,
ITEM0241,0.91683,1.61196,0.10882,4,0004-01-01,159,,31,4,26,0.3,0,0.0,235,,,,,,,,
ITEM0242,0.83956,-0.06723,0.10974,2,0002-02-01,159,,58,2,64,0.39,0,0.0,236,,,,,,,,
ITEM0243,0.81268,1.86019,0.04445,1,0001-03-01,160,,35,4,72,0.18,0,0.0,237,,,,Form_4,,,,
ITEM0244,0.8622,1.9947,0.08126,3,0003-01-01,161,,58,5,22,0.42,0,0.0,238,,,,,,,,
ITEM0245,0.8596,0.11299,0.05631,3,0003-02-01,161,,29,4,48,0.37,0,0.0,239,,,,,,,,
ITEM0246,0.70197,0.35885,0.21091,4,0004-03-01,164,,28,3,19,0.22,0,0.0,240,,Form_2,,,,,,
ITEM0247,1.11163,-1.53674,0.07943,2,0002-01-01,164,,47,3,21,0.4,0,0.0,241,,Form_2,,,,,,
ITEM0248,0.73093,-0.09164,0.07182,1,0001-02-01,164,,31,4,16,0.14,2,0.0,242,,Form_2,,,Form_5,,,Form_8
ITEM0249,0.54606,0.10993,0.05563,1,0001-03-01,165,,32,5,16,0.24,0,0.0,243,,Form_2,,,,,,
ITEM0250,1.05494,1.13567,0.1226,3,0003-01-01,166,,43,2,49,0.26,0,0.0,244,,,,,,,,
ITEM0251,1.56017,-0.48543,0.06616,1,0001-02-01,166,,59,0,45,0.12,0,0.0,245,,,,,,,,
ITEM0252,0.69989,-0.53072,0.12248,2,0002-03-01,167,,22,5,70,0.14,0,0.0,246,,,,,Form_5,,,
ITEM0253,1.16678,-0.17147,0.1142,2,0002-01-01,168,,50,2,59,0.44,0,0.0,247,,Form_2,,,,,,
ITEM0254,0.98933,0.07365,0.11138,1,0001-02-01,168,,39,2,50,0.46,0,0.0,248,,Form_2,,,,,,
ITEM0255,1.14236,-0.36931,0.05535,2,0002-03-01,170,,35,4,63,0.42,0,0.0,249,,,,,Form_5,,,
ITEM0256,0.80775,-0.3403,0.1474,4,0004-01-01,170,,49,0,34,0.18,0,0.0,250,,,,,Form_5,,,
ITEM0257,1.1174,0.52213,0.10784,2,0002-02-01,171,,53,4,64,0.34,0,0.0,251,,Form_2,,,,,,
ITEM0258,0.93974,0.64891,0.08172,1,0001-03-01,171,,60,3,64,0.45,2,0.0,252,,Form_2,,,Form_5,,,Form_8
ITEM0259,0.6495,-1.15352,0.03555,3,0003-01-01,173,,33,5,24,0.46,2,0.0,253,,Form_2,,,Form_5,,,Form_8
ITEM0260,0.97065,0.46827,0.07802,4,0004-02-01,174,,51,3,22,0.14,0,0.0,254,,,,,,,,
ITEM0261,1.0547,-0.43602,0.15332,4,0004-03-01,174,,50,0,72,0.49,0,0.0,255,,,,,,,,
ITEM0262,0.72757,-0.76762,0.09945,2,0002-01-01,174,,53,1,29,0.44,0,0.0,256,,,,,,,,
ITEM0263,1.37708,0.30823,0.10184,3,0003-02-01,175,,27,4,44,0.27,0,0.0,257,,,,,Form_5,,,
ITEM0264,1.0947,0.39164,0.11903,2,0002-03-01,175,,53,1,52,0.47,0,0.0,258,,,,,Form_5,,,
ITEM0265,1.11162,-1.62623,0.09337,1,0001-01-01,176,,54,5,17,0.36,0,0.0,259,,,,,,Form_6,,
ITEM0266,1.22975,-1.62495,0.13988,1,0001-02-01,176,,25,0,67,0.14,0,0.0,260,,,,,,Form_6,,
ITEM0267,0.99621,0.2627,0.05253,4,0004-03-01,176,,34,0,79,0.43,0,0.0,261,,,,,,Form_6,,
ITEM0268,1.03488,-0.53768,0.06832,1,0001-01-01,177,,25,5,49,0.29,0,0.0,262,,,,,,,,
ITEM0269,0.83769,-0.82011,0.04525,3,0003-02-01,178,,25,3,25,0.38,0,0.0,263,,,,Form_4,,,,
ITEM0270,1.15804,-0.92515,0.02913,1,0001-03-01,178,,20,1,65,0.16,0,0.0,264,,,,Form_4,,,,
ITEM0271,1.25178,-0.24562,0.17902,1,0001-01-01,178,,37,2,71,0.39,0,0.0,265,,,,Form_4,,,,
ITEM0272,1.02585,0.81542,0.08824,3,0003-02-01,179,,33,3,49,0.29,0,0.0,266,,,,,,,,
ITEM0273,0.75646,-1.23451,0.08028,3,0003-03-01,179,,24,0,59,0.19,0,0.0,267,,,,,,,,
ITEM0274,0.76673,0.48626,0.11933,3,0003-01-01,181,,49,2,28,0.31,4,0.0,268,,,,,,,,
ITEM0275,1.30555,1.08917,0.07478,1,0001-02-01,181,,33,0,56,0.21,0,0.0,269,,,,,Form_5,,,
ITEM0276,0.83928,-1.15003,0.16849,1,0001-03-01,182,,20,1,60,0.39,0,0.0,270,,,,,,,,
ITEM0277,1.05029,-1.16132,0.14672,4,0004-01-01,182,,41,3,31,0.28,0,0.0,271,,,,,,,,
ITEM0278,0.87989,-0.1583,0.10464,1,0001-02-01,183,,24,1,67,0.33,0,0.0,272,,,,,,,Form_7,
ITEM0279,0.90675,1.3334,0.0758,1,0001-03-01,184,,27,1,55,0.31,0,0.0,273,,,,,,,,
ITEM0280,0.57676,-2.10528,0.0805,2,0002-01-01,185,,35,4,29,0.47,0,0.0,274,,,,,,,Form_7,
ITEM0281,0.97649,2.05937,0.12363,2,0002-02-01,185,,49,5,33,0.19,0,0.0,275,,,,,,,Form_7,
ITEM0282,1.06146,0.0362,0.14875,1,0001-03-01,186,,50,2,15,0.25,3,0.0,276,,,Form_3,,,Form_6,,
ITEM0283,0.85042,0.14789,0.1126,4,0004-01-01,186,,52,1,71,0.25,0,0.0,277,,,Form_3,,,,,
ITEM0284,0.58538,-1.63472,0.13262,1,0001-02-01,186,,35,1,43,0.39,0,0.0,278,,,Form_3,,,,,
ITEM0285,1.10869,-0.53043,0.09279,4,0004-03-01,187,,33,3,67,0.23,0,0.0,279,,,,,,,,
ITEM0286,0.84205,0.06487,0.10782,2,0002-01-01,187,,31,4,50,0.32,0,0.0,280,,,,,,,,
ITEM0287,0.95573,-0.20761,0.08326,3,0003-02-01,187,,53,4,48,0.45,0,0.0,281,,,,,,,,
ITEM0288,0.98416,-0.36609,0.07446,3,0003-03-01,187,,54,3,33,0.22,0,0.0,282,,,,,,,,
ITEM0289,0.7723,2.08088,0.10382,1,0001-01-01,187,,58,1,39,0.26,0,0.0,283,,,,,,,,
ITEM0290,1.19551,-0.24262,0.10087,2,0002-02-01,189,,31,5,80,0.19,0,0.0,284,,,Form_3,,,,,
ITEM0291,0.78107,-1.2971,0.12796,1,0001-03-01,193,,43,5,19,0.13,0,0.0,285,,,Form_3,,,,,
ITEM0292,0.83037,-1.8934,0.10042,1,0001-01-01,193,,51,5,76,0.43,0,0.0,286,,,Form_3,,,,,
ITEM0293,0.86187,1.21069,0.06736,1,0001-02-01,193,,47,2,39,0.19,3,0.0,287,,,Form_3,,,Form_6,,
ITEM0294,0.90798,0.45755,0.09021,4,0004-03-01,195,,35,1,64,0.13,0,0.0,288,,,,Form_4,,,,
ITEM0295,0.75978,-0.77851,0.12326,3,0003-01-01,195,,34,2,25,0.46,0,0.0,289,,,,Form_4,,,,
ITEM0296,1.06112,-1.69788,0.13429,1,0001-02-01,197,,43,0,26,0.34,0,0.0,290,,,,,,,,
ITEM0297,0.77409,2.28425,0.14792,3,0003-03-01,197,,55,1,44,0.5,0,0.0,291,,,,,,,,
ITEM0298,1.07213,0.18332,0.25845,2,0002-01-01,197,,35,4,65,0.14,0,0.0,292,,,,,,,,
ITEM0299,1.14472,0.55949,0.11995,2,0002-02-01,199,,32,2,34,0.41,0,0.0,293,,,,,,Form_6,,
ITEM0300,0.77273,0.63951,0.14587,3,0003-03-01,199,,36,5,18,0.45,0,0.0,294,,,,,,Form_6,,
ITEM0301,1.42002,-1.41056,0.08381,4,0004-01-01,199,,43,3,64,0.39,0,0.0,295,,,,,,Form_6,,
ITEM0302,1.17846,-1.75893,0.12152,2,0002-02-01,199,,38,2,27,0.14,0,0.0,296,,,,,,Form_6,,
ITEM0303,0.98289,-0.42909,0.07713,2,0002-03-01,201,,53,1,38,0.15,0,0.0,297,,,,,,,,Form_8
ITEM0304,0.85672,0.26309,0.05702,2,0002-01-01,201,,56,4,21,0.21,0,0.0,298,,,,,,,,Form_8
ITEM0305,0.84188,0.9154,0.05061,1,0001-02-01,202,,52,3,76,0.26,0,0.0,299,,,,,,,,
ITEM0306,0.91461,1.93271,0.10651,4,0004-03-01,202,,58,5,61,0.18,0,0.0,300,,,,,,,,
ITEM0308,0.68892,-0.86891,0.14198,1,0001-02-01,203,,48,3,78,0.21,3,0.0,301,,,Form_3,,,Form_6,,
ITEM0309,0.54999,-0.40107,0.04143,1,0001-03-01,203,,42,4,74,0.49,0,0.0,302,,,Form_3,,,,,
ITEM0310,1.28433,1.49564,0.1241,2,0002-01-01,204,,26,2,51,0.31,0,0.0,303,,,,,,,,Form_8
ITEM0311,1.24151,-0.10615,0.07478,1,0001-02-01,204,,42,4,49,0.33,0,0.0,304,,,,,,,,Form_8
ITEM0312,0.72465,2.71883,0.21545,4,0004-03-01,205,,52,3,37,0.43,0,0.0,305,,Form_2,,,,,,
ITEM0313,1.12839,-1.44241,0.12684,1,0001-01-01,207,,54,4,43,0.22,0,0.0,306,,,,,,,,
ITEM0314,1.13795,-0.00106,0.05933,1,0001-02-01,208,,25,5,39,0.17,0,0.0,307,,,,,,,,
ITEM0315,0.76889,-0.06701,0.10468,3,0003-03-01,209,,29,5,61,0.42,0,0.0,308,,,,,,,,
ITEM0316,1.00867,-0.54033,0.12972,4,0004-01-01,210,,56,5,49,0.5,0,0.0,309,,,,,,,Form_7,
ITEM0317,0.89467,-1.42736,0.08738,4,0004-02-01,211,,49,0,39,0.38,0,0.0,310,,,,,,,Form_7,
ITEM0318,0.70471,-1.01718,0.08739,4,0004-03-01,211,,58,4,56,0.19,0,0.0,311,,,,,,,Form_7,
ITEM0319,0.80017,-0.32093,0.09327,3,0003-01-01,212,,43,1,32,0.12,0,0.0,312,,,,,,,,
ITEM0320,0.87637,-2.2263,0.10337,4,0004-02-01,213,,34,5,68,0.41,0,0.0,313,,,,,,,,
ITEM0321,0.84252,1.60977,0.09389,2,0002-03-01,213,,32,3,77,0.23,0,0.0,314,,,,,,,,
ITEM0322,0.91192,-1.72086,0.08146,4,0004-01-01,213,,45,1,75,0.23,0,0.0,315,,,,,,,,
ITEM0323,0.64734,0.54553,0.10993,2,0002-02-01,214,,49,2,26,0.32,0,0.0,316,,,,,,Form_6,,
ITEM0324,1.07511,1.06731,0.04986,4,0004-03-01,215,,30,5,75,0.39,0,0.0,317,,,,,,,Form_7,
ITEM0325,0.88835,1.07688,0.05314,3,0003-01-01,216,,56,3,68,0.45,0,0.0,318,,,,,,,,
ITEM0326,0.79209,-1.96688,0.04795,3,0003-02-01,216,,45,4,69,0.16,0,0.0,319,,,,,,,,
ITEM0327,0.84276,-1.11021,0.18177,2,0002-03-01,216,,42,4,78,0.41,0,0.0,320,,,,,,,,
ITEM0328,1.01801,-0.65152,0.06761,4,0004-01-01,216,,55,4,77,0.36,0,0.0,321,,,,,,,,
ITEM0329,0.81652,1.29974,0.14328,2,0002-02-01,217,,27,4,57,0.45,0,0.0,322,,,,,,,,
ITEM0330,0.84199,-0.31987,0.06577,2,0002-03-01,217,,57,1,48,0.38,0,0.0,323,,,,,,,,
ITEM0331,0.9351,-0.36965,0.09108,4,0004-01-01,219,,59,2,74,0.43,0,0.0,324,,,,,,,Form_7,
ITEM0332,1.27408,1.43839,0.09846,4,0004-02-01,220,,41,4,45,0.19,0,0.0,325,,,,,,,,
ITEM0333,0.87922,-0.58534,0.04147,3,0003-03-01,220,,52,5,38,0.48,0,0.0,326,,,,,,,,
ITEM0334,0.91397,0.7098,0.07811,2,0002-01-01,220,,25,3,57,0.13,0,0.0,327,,,,,,,,
ITEM0335,1.27613,0.49783,0.068,1,0001-02-01,222,,59,0,45,0.35,0,0.0,328,,,,,,,,
ITEM0336,1.21364,0.10629,0.10187,1,0001-03-01,222,,49,4,17,0.27,0,0.0,329,,,,,,,,
ITEM0337,0.73374,-0.87245,0.09473,4,0004-01-01,222,,25,4,79,0.46,0,0.0,330,,,,,,,,
ITEM0338,1.19041,-0.11074,0.16861,3,0003-02-01,223,,30,3,18,0.38,0,0.0,331,,,,,,,,
ITEM0339,0.76457,-0.76826,0.14431,2,0002-03-01,223,,44,3,15,0.47,0,0.0,332,,,,,,,,
ITEM0340,0.88333,-0.01792,0.09451,3,0003-01-01,223,,21,2,75,0.14,0,0.0,333,,,,,,,,
ITEM0341,1.05876,1.44671,0.07449,2,0002-02-01,223,,49,2,69,0.4,0,0.0,334,,,,,,,,
ITEM0342,0.72715,2.40909,0.08911,4,0004-03-01,224,,38,5,16,0.4,0,0.0,335,,Form_2,,,,,,
ITEM0343,0.79472,-0.0395,0.04211,3,0003-01-01,224,,48,4,80,0.43,0,0.0,336,,Form_2,,,,,,
ITEM0344,0.81308,1.91204,0.06102,1,0001-02-01,225,,20,3,61,0.17,0,0.0,337,,,,,,,,
ITEM0345,1.26252,0.78133,0.10813,3,0003-03-01,227,,47,4,32,0.16,0,0.0,338,,Form_2,,,,,,
ITEM0346,0.82344,-0.55263,0.06534,4,0004-01-01,227,,25,5,59,0.13,0,0.0,339,,Form_2,,,,,,
ITEM0347,0.91406,2.16147,0.12651,4,0004-02-01,228,,30,2,41,0.34,0,0.0,340,,,,,,,Form_7,
ITEM0348,0.73006,1.02515,0.04731,3,0003-03-01,229,,30,2,25,0.15,0,0.0,341,,,,,,,,
ITEM0349,0.66683,0.71791,0.06421,4,0004-01-01,231,,38,2,46,0.43,0,0.0,342,,,,,,,Form_7,
ITEM0350,0.97481,-0.49559,0.23081,3,0003-02-01,232,,49,4,77,0.18,0,0.0,343,,,,,,,,
ITEM0351,1.00929,1.14679,0.12803,1,0001-03-01,234,,28,1,37,0.42,0,0.0,344,,,,Form_4,,,,
ITEM0352,1.02073,-0.74968,0.1086,3,0003-01-01,235,,43,0,21,0.17,0,0.0,345,,,,,,,,
ITEM0353,0.97042,-0.84976,0.12926,3,0003-02-01,236,,27,1,49,0.5,4,0.0,346,,,,,,,,
ITEM0354,0.9933,-0.18874,0.13481,1,0001-03-01,236,,36,5,34,0.32,0,0.0,347,,,,,,,,
ITEM0355,0.88245,0.41869,0.16274,2,0002-01-01,237,,52,1,53,0.25,4,0.0,348,,,,,,,,
ITEM0356,0.59414,-1.3675,0.09224,4,0004-02-01,238,,44,2,25,0.25,0,0.0,349,,,,,,,,
ITEM0357,0.91803,0.1144,0.05247,1,0001-03-01,238,,50,0,56,0.29,0,0.0,350,,,,,,,,
ITEM0358,0.55733,-0.26975,0.0873,1,0001-01-01,238,,35,3,29,0.38,0,0.0,351,,,,,,,,
ITEM0359,1.20263,0.923,0.03682,3,0003-02-01,238,,47,1,76,0.12,0,0.0,352,,,,,,,,
ITEM0360,0.94673,1.11242,0.08564,4,0004-03-01,238,,49,3,67,0.19,0,0.0,353,,,,,,,,
ITEM0361,0.86537,-0.68792,0.10131,1,0001-01-01,238,,29,5,47,0.49,0,0.0,354,,,,,,,,
ITEM0362,0.98417,0.98018,0.07001,3,0003-02-01,239,,47,2,53,0.25,0,0.0,355,,,,,,,,
ITEM0363,1.35888,-0.87421,0.12938,2,0002-03-01,240,,38,5,49,0.37,0,0.0,356,,,,,,,Form_7,
ITEM0364,0.68039,-0.88617,0.11859,1,0001-01-01,241,,54,3,54,0.13,0,0.0,357,,,,,,,,
ITEM0365,1.05639,2.50937,0.16724,2,0002-02-01,241,,58,2,66,0.49,0,0.0,358,,,,,,,,
ITEM0366,0.91735,-2.03935,0.03157,3,0003-03-01,242,,46,1,51,0.48,0,0.0,359,,Form_2,,,,,,
ITEM0367,1.16553,-2.54623,0.09715,2,0002-01-01,242,,58,5,45,0.3,2,0.0,360,,Form_2,,,Form_5,,,Form_8
ITEM0368,0.96714,0.026,0.19476,4,0004-02-01,242,,39,3,28,0.12,0,0.0,361,,Form_2,,,,,,
ITEM0369,1.08994,0.83593,0.03555,2,0002-03-01,243,,22,1,17,0.19,0,0.0,362,,,,,,,,
ITEM0370,0.51617,-1.7635,0.14879,2,0002-01-01,243,,25,3,27,0.28,0,0.0,363,,,,,,,,
ITEM0371,0.86825,-0.02886,0.15468,4,0004-02-01,244,,32,4,56,0.42,0,0.0,364,,,,,,,,
ITEM0372,0.93118,-1.91102,0.08402,4,0004-03-01,244,,23,1,35,0.3,0,0.0,365,,,,,,,,
ITEM0373,0.90413,1.34087,0.10155,3,0003-01-01,245,,45,5,40,0.2,0,0.0,366,,,,,,,,
ITEM0374,1.12005,-0.79393,0.16231,4,0004-02-01,245,,23,1,34,0.4,0,0.0,367,,,,,,,,
ITEM0375,0.90305,1.90063,0.11714,1,0001-03-01,245,,28,5,55,0.12,0,0.0,368,,,,,,,,
ITEM0007,1.12442,0.96935,0.05255,4,0004-01-01,,,52,5,20,0.22,3,0.0,369,,,Form_3,,,Form_6,,
ITEM0003,1.13587,0.11357,0.04948,2,0002-03-01,,,28,4,44,0.16,2,0.0,370,,Form_2,,,Form_5,,,Form_8
ITEM0005,0.79061,0.74804,0.08059,3,0003-02-01,,,58,2,20,0.29,2,0.0,371,,Form_2,,,Form_5,,,Form_8
ITEM0006,0.71568,-0.82911,0.081,4,0004-03-01,,,58,3,23,0.45,0,0.0,372,,,,,,,,Form_8
ITEM0011,0.94616,1.34744,0.13296,2,0002-02-01,,,43,4,26,0.42,2,0.0,373,,Form_2,,,Form_5,,,Form_8
ITEM0025,1.33907,-1.61589,0.07205,1,0001-01-01,,,22,3,19,0.39,2,0.0,374,,Form_2,,,Form_5,,,Form_8
ITEM0376,0.90183,-0.68419,0.10994,2,0002-01-01,,,43,2,58,0.4,0,0.0,375,,,,,,,,
ITEM0377,0.95015,-1.61576,0.1441,4,0004-02-01,,,28,5,73,0.32,0,0.0,376,,,,,,,,Form_8
ITEM0378,0.9948,0.77397,0.11455,4,0004-03-01,,,27,5,54,0.3,0,0.0,377,,,,,,,,
ITEM0379,0.82886,-1.37866,0.03328,3,0003-01-01,,,23,3,76,0.19,0,0.0,378,,,,,Form_5,,,
ITEM0380,0.85753,0.1332,0.10282,3,0003-02-01,,,43,1,26,0.31,2,0.0,379,,Form_2,,,Form_5,,,Form_8
ITEM0381,1.20502,-0.3521,0.14991,3,0003-03-01,,,25,2,21,0.13,0,0.0,380,,,,,,,,
ITEM0382,0.62947,0.46333,0.07161,1,0001-01-01,,,41,2,68,0.41,0,0.0,381,Form_1,,,,,,,
ITEM0383,0.71783,0.18698,0.13454,3,0003-02-01,,,47,0,40,0.46,0,0.0,382,,,,,,,,
ITEM0384,0.81878,-0.4933,0.02261,1,0001-03-01,,,37,2,75,0.46,0,0.0,383,,,Form_3,,,,,
ITEM0385,0.75068,-1.17277,0.10442,4,0004-01-01,,,51,0,73,0.24,0,0.0,384,,,,,,,,
ITEM0386,0.8022,-2.39053,0.06686,2,0002-02-01,,,37,4,69,0.18,0,0.0,385,,,,,,,,
ITEM0387,0.80105,-0.2531,0.08674,1,0001-03-01,,,22,0,56,0.17,0,0.0,386,,,,Form_4,,,,
ITEM0388,0.93948,-1.90176,0.09545,2,0002-01-01,,,45,1,79,0.19,0,0.0,387,,,,,,,,
ITEM0389,1.31711,-0.46377,0.07751,3,0003-02-01,,,23,1,28,0.45,0,0.0,388,,,,,,,,
ITEM0390,0.91798,-0.88097,0.14725,4,0004-03-01,,,41,2,17,0.37,0,0.0,389,,,,,,,,
ITEM0391,1.08953,0.74503,0.13177,1,0001-01-01,,,37,4,38,0.21,0,0.0,390,,,,Form_4,,,,
ITEM0392,0.70957,3.39602,0.0862,3,0003-02-01,,,23,4,72,0.28,0,0.0,391,,,,,,Form_6,,
ITEM0393,0.85204,1.06095,0.0814,1,0001-03-01,,,38,3,59,0.41,0,0.0,392,,,,,,,,
ITEM0394,1.2416,0.90919,0.07379,3,0003-01-01,,,25,1,55,0.45,0,0.0,393,,,,,,,,Form_8
ITEM0395,0.76698,-2.00682,0.07212,1,0001-02-01,,,36,4,32,0.41,0,0.0,394,,,,,,,,
ITEM0396,1.00299,0.4488,0.10626,2,0002-03-01,,,40,3,69,0.19,3,0.0,395,,,Form_3,,,Form_6,,
ITEM0397,0.9941,1.05037,0.10364,3,0003-01-01,,,28,5,17,0.49,0,0.0,396,,,,,,,,
ITEM0398,0.9025,1.72114,0.08934,1,0001-02-01,,,56,3,28,0.12,0,0.0,397,,,,,,,,Form_8
ITEM0399,0.99408,-0.5888,0.05229,2,0002-03-01,,,22,4,23,0.39,0,0.0,398,,,,Form_4,,,,
ITEM0400,0.78256,1.53419,0.0398,3,0003-01-01,,,43,3,48,0.19,0,0.0,399,,,,,,,Form_7,
ITEM0401,0.61732,0.97909,0.14701,2,0002-02-01,,,24,4,60,0.23,0,0.0,400,,,,Form_4,,,,
ITEM0402,1.11762,-0.10593,0.07551,2,0002-03-01,,,22,0,43,0.13,0,0.0,401,,,,,,,,
ITEM0403,1.01502,-1.16535,0.15727,2,0002-01-01,,,39,3,37,0.15,4,0.0,402,,,,,,,,
ITEM0404,0.88605,0.46386,0.10477,3,0003-02-01,,,52,5,72,0.38,0,0.0,403,,,,,,,,
ITEM0405,0.93576,-0.24108,0.17914,3,0003-03-01,,,54,0,56,0.47,4,0.0,404,,,,,,,,
ITEM0406,0.87911,-0.54942,0.13009,2,0002-01-01,,,21,4,49,0.32,0,0.0,405,,,,,,,,
ITEM0407,0.89272,2.37037,0.10096,3,0003-02-01,,,23,2,34,0.26,0,0.0,406,,,,,,,Form_7,
ITEM0408,0.92357,0.34067,0.13341,3,0003-03-01,,,39,1,24,0.41,0,0.0,407,Form_1,,,,,,,
ITEM0409,0.74138,1.30385,0.0906,4,0004-01-01,,,20,2,55,0.48,0,0.0,408,,,,,,Form_6,,
ITEM0410,0.96817,2.91839,0.10245,1,0001-02-01,,,36,0,23,0.36,0,0.0,409,,,,,,,,
ITEM0411,1.11107,-0.25637,0.11803,2,0002-03-01,,,54,5,70,0.22,0,0.0,410,,,,,,,,
ITEM0412,0.81623,-1.33365,0.1225,3,0003-01-01,,,31,3,69,0.14,0,0.0,411,,,,,,,,Form_8
ITEM0413,0.85804,-2.07957,0.1209,1,0001-02-01,,,31,0,58,0.13,0,0.0,412,,,,,,,,
ITEM0414,0.78646,0.52669,0.07498,3,0003-03-01,,,35,2,18,0.43,0,0.0,413,,,,,,,,
ITEM0415,0.85695,0.85369,0.05452,2,0002-01-01,,,58,5,32,0.44,0,0.0,414,,,,,,,Form_7,
ITEM0416,0.88468,0.39521,0.05854,1,0001-02-01,,,43,4,41,0.41,0,0.0,415,,,,,,,,
ITEM0417,1.13536,3.32698,0.07711,3,0003-03-01,,,35,5,27,0.34,0,0.0,416,,,,,,,,
ITEM0418,0.97607,-1.39122,0.11012,3,0003-01-01,,,50,4,34,0.44,0,0.0,417,,Form_2,,,,,,
ITEM0419,1.08713,1.97399,0.09007,1,0001-02-01,,,54,1,25,0.4,0,0.0,418,,,,,,,,
ITEM0420,1.1717,-3.69875,0.03441,4,0004-03-01,,,25,1,46,0.37,0,0.0,419,,,,,,Form_6,,
ITEM0421,0.7881,-0.12805,0.03299,4,0004-01-01,,,57,3,65,0.19,0,0.0,420,,,,,,,,
ITEM0422,1.04419,-1.09346,0.09731,4,0004-02-01,,,50,1,38,0.15,4,0.0,421,,,,,,,,
ITEM0423,0.79115,-0.4618,0.13042,1,0001-03-01,,,23,0,18,0.47,0,0.0,422,,,,,,,,
ITEM0424,0.8744,-0.94822,0.1043,3,0003-01-01,,,52,0,47,0.22,0,0.0,423,,,,,,,,
ITEM0425,0.99209,-0.18397,0.09199,4,0004-02-01,,,38,3,24,0.14,2,0.0,424,,Form_2,,,Form_5,,,Form_8
ITEM0426,1.24725,-0.54355,0.06353,3,0003-03-01,,,59,2,47,0.22,0,0.0,425,,,,,,,,Form_8
ITEM0427,1.02389,-0.60942,0.03722,3,0003-01-01,,,59,3,58,0.5,0,0.0,426,,,,,Form_5,,,
ITEM0428,0.82277,0.73922,0.04398,1,0001-02-01,,,20,3,41,0.5,0,0.0,427,,,,,,,,
ITEM0429,1.2194,3.63403,0.17515,1,0001-03-01,,,45,5,65,0.12,0,0.0,428,,,,,,,,
ITEM0430,1.6829,-0.96043,0.06308,2,0002-01-01,,,58,1,23,0.22,0,0.0,429,,,Form_3,,,,,
ITEM0431,0.91697,-1.89101,0.15027,2,0002-02-01,,,36,3,54,0.21,0,0.0,430,,,,,,,,
ITEM0432,0.90849,0.41934,0.04505,3,0003-03-01,,,45,2,66,0.3,0,0.0,431,,,Form_3,,,,,
ITEM0433,0.66714,0.31927,0.13964,2,0002-01-01,,,26,4,68,0.29,0,0.0,432,,,,,,Form_6,,
ITEM0434,0.81366,0.13641,0.04773,4,0004-02-01,,,39,0,54,0.32,0,0.0,433,,,,,,,,
ITEM0435,1.02941,0.16884,0.02422,3,0003-03-01,,,31,1,23,0.47,0,0.0,434,,,Form_3,,,,,
ITEM0436,1.32158,-0.61431,0.07577,4,0004-01-01,,,22,3,55,0.41,0,0.0,435,,,,,Form_5,,,
ITEM0437,1.07949,-0.26757,0.11537,2,0002-02-01,,,30,2,45,0.19,0,0.0,436,,,,,,,,
ITEM0438,1.08233,0.83422,0.09697,4,0004-03-01,,,47,2,28,0.44,0,0.0,437,,,,,,,,
ITEM0439,0.90225,1.01415,0.09543,2,0002-01-01,,,36,3,22,0.36,0,0.0,438,,,,,,,,
ITEM0440,1.36145,-0.19736,0.11214,1,0001-02-01,,,29,0,25,0.26,0,0.0,439,,,,,,Form_6,,
ITEM0441,1.07405,-0.26507,0.07192,4,0004-03-01,,,24,5,40,0.45,0,0.0,440,,,,,,Form_6,,
ITEM0442,0.76753,-2.02175,0.09788,3,0003-01-01,,,48,5,30,0.32,0,0.0,441,,,,,,,,Form_8
ITEM0443,1.10262,2.04839,0.11364,3,0003-02-01,,,43,1,48,0.26,0,0.0,442,,,,,,,,
ITEM0444,0.78076,-2.43156,0.09075,2,0002-03-01,,,37,3,30,0.19,0,0.0,443,,,,,,,,
ITEM0445,0.69894,-2.05705,0.09658,2,0002-01-01,,,47,3,45,0.47,0,0.0,444,,,,,,,,
ITEM0446,0.91853,-1.2124,0.09354,4,0004-02-01,,,37,3,30,0.18,0,0.0,445,,,,,,,,
ITEM0447,1.60542,0.15234,0.07945,4,0004-03-01,,,52,0,66,0.13,0,0.0,446,,,,,,Form_6,,
ITEM0448,1.2822,-0.92618,0.15177,3,0003-01-01,,,37,2,73,0.37,0,0.0,447,,,,,,,,
ITEM0449,0.86132,-0.33756,0.07122,2,0002-02-01,,,51,5,24,0.21,0,0.0,448,,,,,,,,
ITEM0450,0.81776,0.00847,0.0903,1,0001-03-01,,,22,0,72,0.21,0,0.0,449,,,,,,Form_6,,
ITEM0451,0.89738,0.88145,0.11672,3,0003-01-01,,,39,3,36,0.37,0,0.0,450,,,,,,,,
ITEM0452,1.00108,2.37189,0.15303,3,0003-02-01,,,42,0,72,0.44,0,0.0,451,Form_1,,,,,,,
ITEM0453,0.96266,0.67728,0.08215,3,0003-03-01,,,32,2,47,0.28,0,0.0,452,,,,,,,,
ITEM0454,0.66803,-0.56331,0.12467,3,0003-01-01,,,59,5,48,0.21,0,0.0,453,,,,,,,Form_7,
ITEM0455,0.63757,-0.8957,0.09555,4,0004-02-01,,,40,0,23,0.28,0,0.0,454,,,,,,,,
ITEM0456,1.02615,-1.96644,0.09421,4,0004-03-01,,,45,1,38,0.19,0,0.0,455,,,Form_3,,,,,
ITEM0457,1.09456,0.09065,0.03633,2,0002-01-01,,,51,2,64,0.32,0,0.0,456,,,,,,,Form_7,
ITEM0458,0.94663,0.72595,0.13143,1,0001-02-01,,,28,0,55,0.4,0,0.0,457,,,,,,,,
ITEM0459,0.74008,-0.54801,0.12307,2,0002-03-01,,,56,1,26,0.35,0,0.0,458,,,,,,,,
ITEM0460,1.1336,0.59586,0.20259,4,0004-01-01,,,48,0,74,0.42,0,0.0,459,,,Form_3,,,,,
ITEM0461,0.97729,-0.02729,0.07469,4,0004-02-01,,,51,4,73,0.26,2,0.0,460,,Form_2,,,Form_5,,,Form_8
ITEM0462,0.76889,-0.14756,0.10088,4,0004-03-01,,,29,3,24,0.38,2,0.0,461,,Form_2,,,Form_5,,,Form_8
ITEM0463,0.97244,-1.12608,0.14045,2,0002-01-01,,,20,1,30,0.42,4,0.0,462,,,,,,,,
ITEM0464,0.77607,-1.07513,0.08022,2,0002-02-01,,,34,2,20,0.46,0,0.0,463,,,,,Form_5,,,
ITEM0465,0.65778,-0.20399,0.06397,1,0001-03-01,,,59,4,77,0.39,0,0.0,464,,,,,,,,Form_8
ITEM0466,0.95025,-0.44956,0.08085,3,0003-01-01,,,53,1,64,0.23,0,0.0,465,,,,,,,,
ITEM0467,1.06642,1.97797,0.1176,1,0001-02-01,,,49,2,24,0.12,0,0.0,466,,,,,,,,
ITEM0468,0.83739,-0.0838,0.11894,1,0001-03-01,,,40,0,38,0.28,0,0.0,467,,,,,,,,
ITEM0469,0.75064,0.40932,0.05695,1,0001-01-01,,,46,4,75,0.37,0,0.0,468,,,,,,,,
ITEM0470,0.62633,1.15705,0.07139,2,0002-02-01,,,25,0,75,0.3,0,0.0,469,Form_1,,,,,,,
ITEM0471,1.12647,-0.64112,0.06288,3,0003-03-01,,,23,1,20,0.27,0,0.0,470,,,,,,,,Form_8
ITEM0472,1.02678,0.97614,0.07729,1,0001-01-01,,,40,5,16,0.17,0,0.0,471,,,,,,,,
ITEM0473,0.85498,1.15135,0.08062,1,0001-02-01,,,23,2,26,0.5,0,0.0,472,,,,,,,,
ITEM0474,0.72836,-0.43526,0.06474,4,0004-03-01,,,45,2,78,0.31,0,0.0,473,,,,,,,,
ITEM0475,1.13153,0.21275,0.09889,4,0004-01-01,,,35,0,25,0.23,0,0.0,474,,,,,,,,
ITEM0476,0.87158,0.0339,0.03483,4,0004-02-01,,,57,1,26,0.48,0,0.0,475,,,,Form_4,,,,
ITEM0477,1.2298,0.64725,0.1274,3,0003-03-01,,,39,3,55,0.43,0,0.0,476,,,,,,,Form_7,
ITEM0478,0.81229,-1.23688,0.05407,4,0004-01-01,,,35,3,14,0.5,0,0.0,477,,,,Form_4,,,,
ITEM0479,0.64586,0.74249,0.08639,1,0001-02-01,,,32,1,65,0.47,0,0.0,478,Form_1,,,,,,,
ITEM0480,1.18273,-0.24632,0.1611,3,0003-03-01,,,36,0,21,0.49,0,0.0,479,,,,,,Form_6,,
ITEM0481,1.13002,-2.03758,0.09877,2,0002-01-01,,,24,5,61,0.39,0,0.0,480,,,,,,,,
ITEM0482,1.01823,-0.32872,0.16064,2,0002-02-01,,,20,2,68,0.38,0,0.0,481,,,,,,,,
ITEM0483,0.85458,-0.27832,0.09018,2,0002-03-01,,,31,2,46,0.14,0,0.0,482,Form_1,,,,,,,
ITEM0484,0.83061,0.06499,0.16197,4,0004-01-01,,,55,3,17,0.12,0,0.0,483,,,,,Form_5,,,
ITEM0485,1.15864,1.70973,0.08848,2,0002-02-01,,,60,4,43,0.23,0,0.0,484,,,Form_3,,,,,
ITEM0486,0.94644,0.89499,0.05581,1,0001-03-01,,,37,0,20,0.49,0,0.0,485,,,,,,,,
ITEM0487,0.97937,1.20995,0.15019,1,0001-01-01,,,29,5,42,0.22,0,0.0,486,,,,Form_4,,,,
ITEM0488,0.7704,0.26302,0.0828,4,0004-02-01,,,25,2,26,0.15,0,0.0,487,,,,Form_4,,,,
ITEM0489,1.17918,0.16341,0.0941,1,0001-03-01,,,60,1,31,0.4,0,0.0,488,,,,,,,,
ITEM0490,0.79571,-0.22376,0.19603,1,0001-01-01,,,37,4,47,0.34,0,0.0,489,,,,,,,Form_7,
ITEM0491,0.7432,-0.31785,0.13796,4,0004-02-01,,,45,1,40,0.12,0,0.0,490,,,,,,,,
ITEM0492,0.90287,0.23914,0.10447,4,0004-03-01,,,21,2,23,0.3,0,0.0,491,Form_1,,,,,,,
ITEM0493,0.90882,0.59501,0.08006,3,0003-01-01,,,31,2,21,0.4,0,0.0,492,,,,,,,,
ITEM0494,0.83675,1.0573,0.07695,4,0004-02-01,,,33,0,52,0.19,0,0.0,493,,,,,,,,
ITEM0495,0.81108,0.73369,0.03501,3,0003-03-01,,,58,1,76,0.32,0,0.0,494,,,,,,,,
ITEM0496,1.21665,0.22278,0.07716,2,0002-01-01,,,24,5,36,0.31,0,0.0,495,,,,,,,Form_7,
ITEM0497,0.94924,0.14454,0.09719,4,0004-02-01,,,49,2,56,0.42,0,0.0,496,,,,,,,,
ITEM0498,1.206,-0.3982,0.07086,3,0003-03-01,,,29,4,37,0.29,0,0.0,497,,,,,,,,
ITEM0499,1.58562,1.15332,0.0559,4,0004-01-01,,,48,2,76,0.4,0,0.0,498,,,,,,,Form_7,
ITEM0500,0.77705,-0.46772,0.0535,3,0003-02-01,,,34,4,76,0.28,0,0.0,499,,,,Form_4,,,,
ITEM0501,1.17944,0.8689,0.12232,2,0002-03-01,,,20,2,79,0.47,0,0.0,500,,,,,,,,Form_8
ITEM0502,0.99216,1.36511,0.07911,3,0003-01-01,,,60,5,65,0.46,0,0.0,501,,,,,,,,
ITEM0503,0.80377,0.69515,0.05861,3,0003-02-01,,,21,4,40,0.19,0,0.0,502,,,,,,,,
ITEM0504,0.96667,-0.86059,0.12725,4,0004-03-01,,,40,0,80,0.46,0,0.0,503,,,,,,,,
ITEM0505,1.06596,-2.418,0.12184,1,0001-01-01,,,22,4,26,0.18,0,0.0,504,,,Form_3,,,,,
ITEM0506,0.75272,1.16986,0.12421,1,0001-02-01,,,50,0,32,0.47,0,0.0,505,,,,,,,,
ITEM0507,0.96866,-0.0375,0.14428,1,0001-03-01,,,58,2,72,0.13,0,0.0,506,,,,,,,,
ITEM0508,0.81041,0.26698,0.07686,2,0002-01-01,,,24,1,72,0.41,0,0.0,507,,,,,,,,
ITEM0509,0.94387,0.11774,0.09369,1,0001-02-01,,,27,5,33,0.46,0,0.0,508,,,,,,,,
ITEM0510,0.94966,-1.69638,0.09831,1,0001-03-01,,,28,3,76,0.32,0,0.0,509,,,,,,,,
ITEM0511,0.99432,0.64869,0.17614,2,0002-01-01,,,23,4,65,0.13,0,0.0,510,Form_1,,,,,,,
ITEM0512,1.3185,-1.57078,0.14712,1,0001-02-01,,,58,5,63,0.48,0,0.0,511,,,,,,Form_6,,
ITEM0513,0.98579,0.55067,0.08368,2,0002-03-01,,,51,1,51,0.26,0,0.0,512,,,,,,,,
ITEM0514,1.11567,-0.88489,0.07531,1,0001-01-01,,,38,0,61,0.16,0,0.0,513,,,,,,,Form_7,
ITEM0515,0.91136,-0.90938,0.0817,3,0003-02-01,,,24,4,74,0.42,0,0.0,514,,,,,,,,
ITEM0516,0.88036,-1.45642,0.07165,2,0002-03-01,,,58,4,22,0.29,0,0.0,515,,,,,,,,
ITEM0517,0.74275,0.15611,0.19911,1,0001-01-01,,,60,4,27,0.28,0,0.0,516,,,,,,,Form_7,
ITEM0518,1.19659,1.95142,0.04611,4,0004-02-01,,,26,1,31,0.4,0,0.0,517,,,,,,,,
ITEM0519,0.85472,0.42428,0.09882,2,0002-03-01,,,45,2,62,0.14,0,0.0,518,,,,,,,,
ITEM0520,1.0716,0.5199,0.12334,4,0004-01-01,,,43,0,45,0.38,0,0.0,519,,,,,,,,
ITEM0521,0.71425,-0.12774,0.06896,4,0004-02-01,,,24,2,45,0.38,0,0.0,520,Form_1,,,,,,,
ITEM0522,0.87519,-0.48311,0.07998,1,0001-03-01,,,55,1,40,0.32,0,0.0,521,,,,,Form_5,,,
ITEM0523,1.73541,0.54873,0.06637,1,0001-01-01,,,23,2,58,0.12,4,0.0,522,,,,,,,,
ITEM0524,0.77008,-1.02581,0.07851,2,0002-02-01,,,20,0,77,0.14,0,0.0,523,,,,,,,,
ITEM0525,1.27185,-2.23138,0.10539,1,0001-03-01,,,29,0,24,0.39,0,0.0,524,,,,,,,Form_7,
ITEM0526,0.88111,1.66467,0.11223,4,0004-01-01,,,52,3,22,0.26,0,0.0,525,,,,,,,,
ITEM0527,0.72129,-1.15427,0.069,1,0001-02-01,,,30,0,44,0.2,0,0.0,526,,,,,,,,
ITEM0528,1.01342,-0.5992,0.07943,1,0001-03-01,,,42,2,30,0.34,0,0.0,527,,,,,,,,
ITEM0529,0.86567,0.80566,0.12318,4,0004-01-01,,,28,3,24,0.12,0,0.0,528,Form_1,,,,,,,
ITEM0530,1.49668,2.10833,0.10771,2,0002-02-01,,,48,2,80,0.26,4,0.0,529,,,,,,,,
ITEM0531,1.01606,0.77123,0.11178,1,0001-03-01,,,31,5,55,0.44,0,0.0,530,,,,,,,,
ITEM0532,1.05206,-0.81694,0.14113,4,0004-01-01,,,56,4,48,0.3,0,0.0,531,,,,,,,,
ITEM0533,0.91438,-0.05323,0.05718,3,0003-02-01,,,23,1,79,0.24,0,0.0,532,,,,,,,,
ITEM0534,0.78699,0.3481,0.14291,4,0004-03-01,,,28,4,65,0.21,4,0.0,533,,,,,,,,
ITEM0535,0.93337,-1.44679,0.04799,3,0003-01-01,,,54,2,15,0.36,0,0.0,534,,,,,Form_5,,,
ITEM0536,0.83667,-0.14408,0.0423,3,0003-02-01,,,41,2,36,0.36,0,0.0,535,,,,,,,,
ITEM0537,0.72304,1.2399,0.05949,4,0004-03-01,,,30,2,49,0.29,0,0.0,536,,,,,,,,
ITEM0538,0.66902,-1.86639,0.08333,1,0001-01-01,,,36,4,28,0.16,0,0.0,537,,,,,,,,
ITEM0539,0.83408,1.03003,0.10832,4,0004-02-01,,,49,1,23,0.27,0,0.0,538,,,,,,,,
ITEM0540,0.85096,-0.042,0.0179,1,0001-03-01,,,38,3,67,0.26,0,0.0,539,,,,,,,,
ITEM0541,0.64368,1.52675,0.0972,3,0003-01-01,,,25,1,39,0.18,2,0.0,540,,Form_2,,,Form_5,,,Form_8
ITEM0542,1.00776,-1.54465,0.14802,3,0003-02-01,,,28,0,67,0.34,0,0.0,541,,,,Form_4,,,,
ITEM0543,0.86369,1.24788,0.09972,4,0004-03-01,,,26,1,38,0.18,0,0.0,542,,,,,,,,
ITEM0544,0.76717,-1.38767,0.11192,4,0004-01-01,,,41,1,78,0.22,0,0.0,543,,,,,,,,
ITEM0545,0.74017,-1.08136,0.05599,2,0002-02-01,,,39,0,54,0.4,0,0.0,544,,,,,,,Form_7,
ITEM0546,0.85097,0.18035,0.0584,4,0004-03-01,,,49,0,27,0.25,0,0.0,545,,,,,,,,
ITEM0547,1.06313,-1.4146,0.1091,4,0004-01-01,,,37,1,70,0.49,0,0.0,546,,,,,,,,
ITEM0548,0.88535,-0.32265,0.11042,3,0003-02-01,,,24,0,22,0.39,0,0.0,547,,,,,,,,
ITEM0549,0.74341,0.10545,0.12208,3,0003-03-01,,,35,4,69,0.15,0,0.0,548,,,Form_3,,,,,
ITEM0550,0.7385,-0.37332,0.07211,3,0003-01-01,,,53,4,75,0.18,0,0.0,549,,,,,,,Form_7,
ITEM0551,0.85856,-0.40617,0.04405,4,0004-02-01,,,26,3,38,0.19,0,0.0,550,,,,Form_4,,,,
ITEM0552,0.92177,0.7492,0.06209,1,0001-03-01,,,55,4,52,0.5,0,0.0,551,,,,,,,,
ITEM0553,0.7601,0.08508,0.13393,2,0002-01-01,,,21,1,31,0.42,3,0.0,552,,,Form_3,,,Form_6,,
ITEM0554,0.93158,-0.84592,0.21833,4,0004-02-01,,,32,2,68,0.31,0,0.0,553,,,,,,,,Form_8
ITEM0555,1.11969,-0.64081,0.10247,1,0001-03-01,,,21,1,27,0.15,0,0.0,554,,,,,,,Form_7,
ITEM0556,0.85641,-0.15455,0.10577,3,0003-01-01,,,41,4,70,0.28,0,0.0,555,,,,,,Form_6,,
ITEM0557,0.9846,-1.74412,0.07936,4,0004-02-01,,,43,4,42,0.18,0,0.0,556,,,,,,,,
ITEM0558,0.63491,0.66208,0.06329,4,0004-03-01,,,48,5,38,0.2,0,0.0,557,,,,,,,,
ITEM0559,1.25381,0.5447,0.04163,3,0003-01-01,,,54,1,64,0.25,0,0.0,558,,,,,,,,
ITEM0560,0.7325,0.76631,0.06825,3,0003-02-01,,,34,1,76,0.28,0,0.0,559,,,,,,,,
ITEM0561,1.20801,-0.28428,0.06814,4,0004-03-01,,,21,4,67,0.47,0,0.0,560,,,,,,,,
ITEM0562,0.78402,-0.25834,0.10956,1,0001-01-01,,,54,4,16,0.15,0,0.0,561,,,Form_3,,,,,
ITEM0563,0.83619,-2.36652,0.08119,1,0001-02-01,,,53,4,65,0.49,0,0.0,562,,,,,,,,
ITEM0564,0.95034,-0.70031,0.17347,3,0003-03-01,,,58,5,75,0.37,0,0.0,563,,,,,,,,
ITEM0565,0.79316,1.00902,0.15228,4,0004-01-01,,,30,0,78,0.34,0,0.0,564,,,,,,,,
ITEM0566,0.68921,-0.2928,0.13511,1,0001-02-01,,,26,0,75,0.37,0,0.0,565,,,,,,,,Form_8
ITEM0567,0.70996,0.60926,0.20454,3,0003-03-01,,,24,1,22,0.28,0,0.0,566,,,,,Form_5,,,
ITEM0568,1.08971,-1.72864,0.05629,3,0003-01-01,,,20,2,17,0.16,0,0.0,567,,,,Form_4,,,,
ITEM0569,0.72328,-1.4409,0.07137,1,0001-02-01,,,28,1,25,0.23,0,0.0,568,,,,,,,,
ITEM0570,0.75097,0.60981,0.096,3,0003-03-01,,,33,5,45,0.38,0,0.0,569,,,,,,Form_6,,
ITEM0571,0.86611,0.11363,0.06337,2,0002-01-01,,,20,0,39,0.45,0,0.0,570,,,,,,,,
ITEM0572,1.37021,-0.01906,0.11366,3,0003-02-01,,,53,0,66,0.2,0,0.0,571,Form_1,,,,,,,
ITEM0573,0.85638,0.61384,0.06682,2,0002-03-01,,,29,4,20,0.12,0,0.0,572,,,,,,,,
ITEM0574,0.78173,-1.22098,0.2014,4,0004-01-01,,,56,1,25,0.22,0,0.0,573,,,,,Form_5,,,
ITEM0575,0.83854,-0.12399,0.06733,1,0001-02-01,,,23,1,58,0.27,0,0.0,574,,,,,,,,
ITEM0576,0.94711,-0.11198,0.09827,2,0002-03-01,,,60,1,28,0.48,0,0.0,575,,,,,,Form_6,,
ITEM0577,1.04964,0.47197,0.11436,4,0004-01-01,,,24,1,80,0.14,0,0.0,576,,,,,,,,
ITEM0578,0.99679,-0.96404,0.045,3,0003-02-01,,,40,3,63,0.22,0,0.0,577,,,,,,,,
ITEM0579,0.91746,0.55111,0.12014,1,0001-03-01,,,20,5,37,0.21,0,0.0,578,,,,,,Form_6,,
ITEM0580,0.82711,-0.24043,0.05458,4,0004-01-01,,,29,2,72,0.43,0,0.0,579,,,,,,,,
ITEM0581,0.7816,0.30954,0.14508,2,0002-02-01,,,56,4,35,0.25,0,0.0,580,,,,,,,,
ITEM0582,0.81264,0.39991,0.10111,3,0003-03-01,,,42,3,79,0.44,0,0.0,581,,,,,,,,
ITEM0583,1.14319,-1.23574,0.08984,1,0001-01-01,,,48,5,48,0.12,0,0.0,582,Form_1,,,,,,,
ITEM0584,1.0889,-0.77415,0.07277,4,0004-02-01,,,49,2,20,0.25,0,0.0,583,,,,,,,,
ITEM0585,0.91595,1.26804,0.023,3,0003-03-01,,,50,0,72,0.43,0,0.0,584,,,Form_3,,,,,
ITEM0586,1.06191,1.24597,0.12543,2,0002-01-01,,,54,0,76,0.41,0,0.0,585,,,,,,,Form_7,
ITEM0587,0.6663,0.76134,0.1329,3,0003-02-01,,,36,1,51,0.45,0,0.0,586,,,,Form_4,,,,
ITEM0588,1.08913,-0.61255,0.08992,2,0002-03-01,,,24,1,36,0.3,0,0.0,587,,Form_2,,,,,,
ITEM0589,1.30357,-1.06329,0.12508,2,0002-01-01,,,33,3,66,0.18,0,0.0,588,,,,,,,,
ITEM0590,0.67376,-1.1733,0.12717,2,0002-02-01,,,47,2,14,0.49,0,0.0,589,,,,Form_4,,,,
ITEM0591,1.03571,-1.58295,0.182,4,0004-03-01,,,25,0,33,0.3,0,0.0,590,,,,,Form_5,,,
ITEM0592,0.85312,1.49904,0.08447,4,0004-01-01,,,21,0,23,0.45,0,0.0,591,,,,,,,,
ITEM0593,0.96176,-0.23676,0.08604,3,0003-02-01,,,29,1,36,0.12,0,0.0,592,,,,,,,,
ITEM0594,1.09633,-1.19762,0.11916,3,0003-03-01,,,28,2,54,0.25,0,0.0,593,,,,,,,,
ITEM0595,0.62613,0.59276,0.12695,2,0002-01-01,,,30,3,62,0.34,0,0.0,594,,,,,,Form_6,,
ITEM0596,0.89148,-0.19472,0.14097,2,0002-02-01,,,33,4,52,0.18,0,0.0,595,,,,,,,,
ITEM0597,1.00027,-0.97302,0.15186,4,0004-03-01,,,41,3,57,0.46,0,0.0,596,,,,,,,,
ITEM0598,1.15644,-2.75064,0.03359,4,0004-01-01,,,27,3,22,0.13,0,0.0,597,,,,,,,,
ITEM0599,1.00142,-1.49595,0.02837,2,0002-02-01,,,43,3,28,0.15,0,0.0,598,Form_1,,,,,,,
ITEM0600,1.02671,-0.251,0.08834,2,0002-03-01,,,53,0,17,0.25,0,0.0,599,,,,,,,,
ITEM0601,0.79079,0.44285,0.08506,1,0001-01-01,,,24,2,72,0.29,0,0.0,600,,,,,,,,
ITEM0602,0.67162,-1.66394,0.09908,4,0004-02-01,,,59,3,43,0.17,0,0.0,601,,,,,,,,
ITEM0603,1.07838,-1.53576,0.09471,3,0003-03-01,,,41,5,66,0.28,4,0.0,602,,,,,,,,
ITEM0604,0.74893,1.4996,0.10738,4,0004-01-01,,,30,5,17,0.42,0,0.0,603,,,,,,,,
ITEM0605,0.97755,-0.7987,0.08732,1,0001-02-01,,,35,3,68,0.13,0,0.0,604,,,,,,,,
ITEM0606,1.00654,-1.45807,0.10572,4,0004-03-01,,,26,0,54,0.32,0,0.0,605,,,,,,,,
ITEM0607,0.95358,0.38089,0.05835,3,0003-01-01,,,48,1,80,0.32,0,0.0,606,,,,,,,,
ITEM0608,0.96177,-0.50967,0.1106,2,0002-02-01,,,24,4,65,0.44,0,0.0,607,,,,,Form_5,,,
ITEM0609,0.78591,0.56691,0.08936,3,0003-03-01,,,43,4,36,0.34,0,0.0,608,,,,,,,,
ITEM0610,1.01481,-0.28931,0.13133,3,0003-01-01,,,58,1,69,0.3,0,0.0,609,,,,,,Form_6,,
ITEM0611,0.93708,0.8421,0.11591,1,0001-02-01,,,56,5,23,0.3,0,0.0,610,,,,,,,,
ITEM0612,0.74093,0.60823,0.08215,1,0001-03-01,,,32,3,58,0.39,0,0.0,611,,,,,,,,
ITEM0613,0.88346,0.81986,0.06947,1,0001-01-01,,,34,2,35,0.35,0,0.0,612,,,,,,,,
ITEM0614,1.01505,0.85191,0.03171,1,0001-02-01,,,56,0,74,0.34,0,0.0,613,,,,Form_4,,,,
ITEM0615,0.86292,0.99556,0.1421,2,0002-03-01,,,24,1,74,0.49,0,0.0,614,Form_1,,,,,,,
ITEM0616,0.89332,1.3365,0.05856,2,0002-01-01,,,43,2,55,0.17,0,0.0,615,,,,,,Form_6,,
ITEM0617,1.048,-1.46622,0.10722,4,0004-02-01,,,28,5,59,0.2,0,0.0,616,,,,,,,,
ITEM0618,0.7804,-1.63325,0.07722,3,0003-03-01,,,43,4,29,0.5,0,0.0,617,,,,,,,,Form_8
ITEM0619,0.7022,-2.1236,0.11847,4,0004-01-01,,,51,4,48,0.4,0,0.0,618,,,,,,,,
ITEM0620,1.14334,-0.35639,0.12087,3,0003-02-01,,,38,0,17,0.23,0,0.0,619,,,,,,,,
ITEM0621,0.6726,-0.67503,0.07785,3,0003-03-01,,,23,3,67,0.41,0,0.0,620,,,,,,,Form_7,
ITEM0622,0.69145,0.23958,0.06797,4,0004-01-01,,,26,1,55,0.48,0,0.0,621,,,,,,,,
ITEM0623,1.04522,-1.65956,0.06799,1,0001-02-01,,,32,3,77,0.24,0,0.0,622,,,,,,,Form_7,
ITEM0624,1.12996,-0.31807,0.10208,4,0004-03-01,,,59,3,49,0.47,0,0.0,623,,,,,,,,
ITEM0625,0.63662,-0.87463,0.0593,3,0003-01-01,,,57,2,33,0.48,0,0.0,624,,,,,,,,
ITEM0626,0.79603,1.90685,0.07054,1,0001-02-01,,,34,2,44,0.41,0,0.0,625,,,,,Form_5,,,
ITEM0627,0.59488,0.28751,0.04767,1,0001-03-01,,,33,5,22,0.3,4,0.0,626,,,,,,,,
ITEM0628,1.07554,-1.42989,0.03942,2,0002-01-01,,,36,1,64,0.13,0,0.0,627,Form_1,,,,,,,
ITEM0629,0.80156,1.86696,0.14956,3,0003-02-01,,,44,1,34,0.24,0,0.0,628,,,,,,,Form_7,
ITEM0630,0.97156,1.26568,0.10812,1,0001-03-01,,,45,5,69,0.27,0,0.0,629,,,,,,,,
ITEM0631,1.229,-0.02667,0.06782,3,0003-01-01,,,33,0,31,0.42,1,0.0,630,Form_1,,,Form_4,,,Form_7,
ITEM0632,0.82775,-1.10551,0.1211,4,0004-02-01,,,55,4,21,0.26,0,0.0,631,,,,,,,,
ITEM0633,1.0061,0.8847,0.08567,4,0004-03-01,,,31,4,33,0.4,0,0.0,632,,,,,,,,
ITEM0634,0.9601,-0.33603,0.11924,2,0002-01-01,,,21,5,61,0.49,0,0.0,633,,Form_2,,,,,,
ITEM0635,1.02946,-0.43783,0.13379,3,0003-02-01,,,41,3,29,0.28,3,0.0,634,,,Form_3,,,Form_6,,
ITEM0636,0.6957,1.57955,0.05895,3,0003-03-01,,,27,5,65,0.42,0,0.0,635,,Form_2,,,,,,
ITEM0637,1.00868,-1.67401,0.14262,2,0002-01-01,,,48,4,58,0.42,0,0.0,636,,,,,,,,
ITEM0638,0.70928,0.24997,0.12689,4,0004-02-01,,,24,3,72,0.4,0,0.0,637,,,,,,,,Form_8
ITEM0639,1.36758,1.3562,0.10993,4,0004-03-01,,,58,4,63,0.13,0,0.0,638,,,,,Form_5,,,
ITEM0640,1.3134,1.12823,0.20394,1,0001-01-01,,,44,5,33,0.16,0,0.0,639,,Form_2,,,,,,
ITEM0641,1.01433,-3.16323,0.19271,1,0001-02-01,,,49,2,79,0.23,0,0.0,640,,Form_2,,,,,,
ITEM0642,1.04899,1.51398,0.13671,3,0003-03-01,,,25,5,22,0.49,0,0.0,641,,,,,,,,Form_8
ITEM0643,0.86985,-0.07079,0.08064,4,0004-01-01,,,59,4,14,0.12,0,0.0,642,,,,Form_4,,,,
ITEM0644,0.91195,-1.85339,0.08697,2,0002-02-01,,,53,2,54,0.32,0,0.0,643,,,,,,,,Form_8
ITEM0645,0.88558,1.08206,0.07203,4,0004-03-01,,,28,3,60,0.47,0,0.0,644,,,,,,,,
ITEM0646,1.10828,0.53166,0.07282,1,0001-01-01,,,41,5,35,0.45,0,0.0,645,,,,,,,,
ITEM0647,1.01733,-0.96641,0.04778,2,0002-02-01,,,54,0,39,0.27,0,0.0,646,,Form_2,,,,,,
ITEM0648,0.61687,3.40592,0.09492,3,0003-03-01,,,31,2,59,0.18,0,0.0,647,,,,,Form_5,,,
ITEM0649,0.84661,0.35242,0.05838,3,0003-01-01,,,24,4,64,0.34,0,0.0,648,,,,,,,,
ITEM0650,0.87256,0.92836,0.09406,1,0001-02-01,,,42,4,24,0.3,0,0.0,649,,,,,,Form_6,,
ITEM0651,0.69272,0.06395,0.10428,3,0003-03-01,,,60,1,51,0.16,0,0.0,650,,,,,,,Form_7,
ITEM0652,0.92407,-0.87308,0.05842,4,0004-01-01,,,41,5,65,0.31,0,0.0,651,,,,,,,,
ITEM0653,0.68654,-0.65439,0.09703,2,0002-02-01,,,55,1,33,0.3,0,0.0,652,,,,,,,,
ITEM0654,1.12196,-2.81678,0.10718,1,0001-03-01,,,43,5,43,0.22,0,0.0,653,,,,,,,,
ITEM0655,0.77024,-0.25006,0.05882,4,0004-01-01,,,33,2,32,0.21,0,0.0,654,,,,,,,,
ITEM0656,1.10374,-1.09528,0.06071,1,0001-02-01,,,21,0,59,0.45,0,0.0,655,Form_1,,,,,,,
ITEM0657,0.80574,-0.18179,0.13076,2,0002-03-01,,,22,3,24,0.18,0,0.0,656,,,,,,Form_6,,
ITEM0658,1.04348,-1.22375,0.07836,1,0001-01-01,,,45,5,40,0.38,0,0.0,657,,,,,,,,Form_8
ITEM0659,1.19653,-1.77193,0.12177,3,0003-02-01,,,39,5,71,0.12,0,0.0,658,,,,Form_4,,,,
ITEM0660,1.09272,-1.42054,0.08352,1,0001-03-01,,,50,1,20,0.23,0,0.0,659,,,,,Form_5,,,
ITEM0661,1.11308,-0.61746,0.16611,4,0004-01-01,,,41,5,26,0.15,0,0.0,660,,,,,,,,Form_8
ITEM0662,0.9444,0.1136,0.05431,2,0002-02-01,,,30,0,70,0.29,0,0.0,661,,,,,,,,
ITEM0663,1.05621,-1.35671,0.14916,1,0001-03-01,,,28,2,42,0.43,0,0.0,662,,,,,,,,
ITEM0664,1.03075,-0.10669,0.22622,4,0004-01-01,,,54,4,43,0.24,0,0.0,663,,,,Form_4,,,,
ITEM0665,1.27027,1.94884,0.06747,4,0004-02-01,,,22,0,56,0.48,0,0.0,664,,,,,Form_5,,,
ITEM0666,0.69921,-1.35555,0.10388,4,0004-03-01,,,29,0,40,0.21,0,0.0,665,,,,,,,,Form_8
ITEM0667,0.75385,-0.81455,0.16874,3,0003-01-01,,,27,3,17,0.29,0,0.0,666,,,,,,,,
ITEM0668,1.11751,-1.34724,0.07463,3,0003-02-01,,,39,3,29,0.35,0,0.0,667,Form_1,,,,,,,
ITEM0669,1.21285,0.09993,0.04598,3,0003-03-01,,,39,4,41,0.13,0,0.0,668,,,,,,,,Form_8
ITEM0670,1.19566,-0.95708,0.05557,4,0004-01-01,,,38,4,80,0.39,0,0.0,669,,,,,,,,
ITEM0671,0.85577,0.40938,0.05545,4,0004-02-01,,,35,5,57,0.36,0,0.0,670,,,,,,,,
ITEM0672,1.29582,-0.04817,0.19238,3,0003-03-01,,,47,5,18,0.2,0,0.0,671,Form_1,,,,,,,
ITEM0673,0.98945,0.90449,0.08812,4,0004-01-01,,,46,1,19,0.45,0,0.0,672,,,,,,,,
ITEM0674,0.61114,0.55915,0.09466,3,0003-02-01,,,33,1,52,0.39,0,0.0,673,,,,,Form_5,,,
ITEM0675,0.86085,0.9887,0.09846,4,0004-03-01,,,23,3,30,0.18,0,0.0,674,,,,,,,,
ITEM0676,0.93217,0.5546,0.03167,1,0001-01-01,,,51,4,65,0.29,0,0.0,675,,,,,,,,Form_8
ITEM0677,0.8413,-1.2749,0.05404,2,0002-02-01,,,27,5,23,0.35,0,0.0,676,,,,,,,,Form_8
ITEM0678,1.03968,0.01257,0.12694,4,0004-03-01,,,41,2,54,0.29,0,0.0,677,Form_1,,,,,,,
ITEM0679,1.30388,0.6854,0.14329,1,0001-01-01,,,59,5,29,0.35,0,0.0,678,Form_1,,,,,,,
ITEM0680,1.01932,-0.31503,0.0918,1,0001-02-01,,,54,1,43,0.38,0,0.0,679,,,,,,,,
ITEM0681,0.62172,-0.58369,0.06028,4,0004-03-01,,,31,1,17,0.47,0,0.0,680,,,,,,,,
ITEM0682,0.76969,1.28986,0.05972,3,0003-01-01,,,46,1,53,0.48,0,0.0,681,,,,,,,,
ITEM0683,0.71771,-1.50724,0.10125,4,0004-02-01,,,25,1,57,0.14,1,0.0,682,Form_1,,,Form_4,,,Form_7,
ITEM0684,0.61975,-0.13298,0.15133,4,0004-03-01,,,25,1,21,0.21,0,0.0,683,,,,,,,,
ITEM0685,0.99781,0.04439,0.17099,4,0004-01-01,,,20,2,39,0.12,0,0.0,684,,,,,,Form_6,,
ITEM0686,0.76241,0.03657,0.14523,4,0004-02-01,,,60,4,62,0.2,0,0.0,685,,,,,,,,
ITEM0687,0.96397,-3.43321,0.16622,3,0003-03-01,,,39,3,77,0.14,0,0.0,686,Form_1,,,,,,,
ITEM0688,1.01823,0.9442,0.14849,2,0002-01-01,,,26,4,80,0.45,0,0.0,687,Form_1,,,,,,,
ITEM0689,0.91695,-1.21153,0.05928,2,0002-02-01,,,58,2,28,0.35,0,0.0,688,,Form_2,,,,,,
ITEM0690,0.55696,-3.11623,0.11348,1,0001-03-01,,,45,2,55,0.2,0,0.0,689,,,,Form_4,,,,
ITEM0691,1.06428,2.47074,0.10844,1,0001-01-01,,,39,0,77,0.24,0,0.0,690,,,,,,,,
ITEM0692,0.87884,0.26369,0.14403,1,0001-02-01,,,21,2,78,0.47,0,0.0,691,,,,,,,,Form_8
ITEM0693,0.80259,-1.09261,0.09134,4,0004-03-01,,,48,4,76,0.33,0,0.0,692,,,,,,,,
ITEM0694,0.78797,0.27831,0.03815,3,0003-01-01,,,54,3,49,0.41,1,0.0,693,Form_1,,,Form_4,,,Form_7,
ITEM0695,0.77699,1.74483,0.10159,1,0001-02-01,,,50,0,57,0.49,0,0.0,694,,,,,,,,Form_8
ITEM0696,0.8478,-1.12568,0.06429,2,0002-03-01,,,56,3,34,0.16,0,0.0,695,,,,Form_4,,,,
ITEM0697,0.67352,-0.17315,0.07218,2,0002-01-01,,,31,1,50,0.29,0,0.0,696,,,,,,,,
ITEM0698,0.72474,0.17443,0.13476,4,0004-02-01,,,33,2,52,0.3,0,0.0,697,,,,,,,,
ITEM0699,0.78972,-2.03141,0.0496,3,0003-03-01,,,25,5,35,0.34,0,0.0,698,,,,,,Form_6,,
ITEM0700,0.86545,-1.1162,0.08323,1,0001-01-01,,,60,5,50,0.24,0,0.0,699,,,,,,,Form_7,
ITEM0701,0.7217,-0.1001,0.08864,2,0002-02-01,,,58,3,17,0.23,0,0.0,700,,,,,,,Form_7,
ITEM0702,0.8531,2.00768,0.08223,4,0004-03-01,,,59,2,18,0.19,0,0.0,701,,,,,,,,Form_8
ITEM0703,0.64904,1.24913,0.05442,1,0001-01-01,,,38,2,26,0.4,0,0.0,702,,,,Form_4,,,,
ITEM0704,0.97474,0.47779,0.10826,4,0004-02-01,,,36,2,46,0.48,0,0.0,703,,,,,,,,
ITEM0705,1.05672,0.72282,0.0798,4,0004-03-01,,,37,5,35,0.33,0,0.0,704,,,,,,,,
ITEM0706,0.79433,-0.86238,0.05919,2,0002-01-01,,,45,5,26,0.14,0,0.0,705,,,,,,Form_6,,
ITEM0707,0.82789,0.47954,0.08979,3,0003-02-01,,,53,4,76,0.33,1,0.0,706,Form_1,,,Form_4,,,Form_7,
ITEM0708,0.87714,-1.62531,0.06997,4,0004-03-01,,,30,3,45,0.42,0,0.0,707,,,,,,,,
ITEM0709,0.91226,-1.21097,0.06709,4,0004-01-01,,,54,1,61,0.16,0,0.0,708,,,,,,,,
ITEM0710,0.74392,-0.5062,0.14532,4,0004-02-01,,,39,4,49,0.43,0,0.0,709,,,,,,,,
ITEM0711,1.08675,0.16786,0.07634,2,0002-03-01,,,26,5,38,0.42,0,0.0,710,,,,,,,,Form_8
ITEM0712,1.0342,-0.15958,0.01575,1,0001-01-01,,,51,1,16,0.18,0,0.0,711,,,,,,,Form_7,
ITEM0713,0.97923,3.06994,0.10011,4,0004-02-01,,,33,0,16,0.12,0,0.0,712,,,Form_3,,,,,
ITEM0714,1.17712,-0.67467,0.08422,2,0002-03-01,,,53,0,32,0.13,0,0.0,713,,,,,,,,
ITEM0715,0.60495,-1.68108,0.11581,1,0001-01-01,,,23,4,68,0.23,0,0.0,714,,,,,,,,
ITEM0716,1.04419,0.52461,0.06797,1,0001-02-01,,,60,1,25,0.46,0,0.0,715,,,,,,,,
ITEM0717,1.13513,0.60616,0.06552,1,0001-03-01,,,43,3,28,0.33,0,0.0,716,,,,,,,,
ITEM0718,0.69971,-0.50693,0.12617,2,0002-01-01,,,40,1,61,0.31,0,0.0,717,,,,,,,,
ITEM0719,0.59165,-0.7893,0.08945,2,0002-02-01,,,27,1,78,0.33,0,0.0,718,,,,,,,Form_7,
ITEM0720,1.03283,-0.37593,0.09275,1,0001-03-01,,,49,3,60,0.19,0,0.0,719,,,,,,,,
ITEM0721,1.02224,1.2558,0.11695,1,0001-01-01,,,35,5,60,0.19,0,0.0,720,,,,,,,,
ITEM0722,0.66833,-1.12594,0.07146,4,0004-02-01,,,43,1,21,0.17,0,0.0,721,,,,,,,,
ITEM0723,1.00608,0.73892,0.12802,1,0001-03-01,,,58,5,36,0.48,0,0.0,722,,,,,,Form_6,,
ITEM0724,0.80246,-0.37724,0.09323,1,0001-01-01,,,52,3,34,0.2,0,0.0,723,,,,,Form_5,,,
ITEM0725,1.03098,0.32975,0.11363,4,0004-02-01,,,45,4,17,0.49,0,0.0,724,Form_1,,,,,,,
ITEM0726,0.94582,-0.89113,0.08355,4,0004-03-01,,,30,5,59,0.28,0,0.0,725,,,,,,,,
ITEM0727,0.78317,1.35571,0.09936,1,0001-01-01,,,50,0,33,0.2,0,0.0,726,,,,,,,,
ITEM0728,0.98616,1.49611,0.18049,2,0002-02-01,,,21,2,32,0.29,1,0.0,727,Form_1,,,Form_4,,,Form_7,
ITEM0729,1.4586,2.281,0.19761,1,0001-03-01,,,39,3,27,0.14,0,0.0,728,Form_1,,,,,,,
ITEM0730,0.84331,-1.46151,0.1143,1,0001-01-01,,,55,3,31,0.42,0,0.0,729,,,,,,,,
ITEM0731,0.90299,0.51022,0.15893,1,0001-02-01,,,60,1,40,0.26,0,0.0,730,,,,,,,,
ITEM0732,1.15553,0.27638,0.04772,2,0002-03-01,,,40,1,31,0.24,0,0.0,731,,,,Form_4,,,,
ITEM0733,1.22764,0.62779,0.06945,1,0001-01-01,,,22,2,62,0.49,0,0.0,732,,Form_2,,,,,,
ITEM0734,0.87206,-0.25975,0.08223,4,0004-02-01,,,21,1,64,0.18,0,0.0,733,,,,,,,,
ITEM0735,1.32455,2.15821,0.09429,4,0004-03-01,,,29,0,39,0.41,0,0.0,734,,Form_2,,,,,,
ITEM0736,1.09604,0.94827,0.15777,3,0003-01-01,,,25,3,52,0.29,1,0.0,735,Form_1,,,Form_4,,,Form_7,
ITEM0737,1.18258,-2.04855,0.09908,4,0004-02-01,,,56,5,28,0.36,0,0.0,736,,,,,,,,
ITEM0738,0.75589,-0.34852,0.02909,1,0001-03-01,,,52,1,52,0.12,0,0.0,737,,,,,,Form_6,,
ITEM0739,1.03214,-0.58316,0.11071,1,0001-01-01,,,41,1,58,0.13,0,0.0,738,,,,,,,,
ITEM0740,0.87268,0.62756,0.13977,1,0001-02-01,,,47,3,29,0.3,1,0.0,739,Form_1,,,Form_4,,,Form_7,
ITEM0741,0.97452,-0.53427,0.24253,4,0004-03-01,,,37,5,62,0.35,0,0.0,740,,,,,Form_5,,,
ITEM0742,0.86271,-1.54547,0.085,1,0001-01-01,,,25,3,32,0.48,0,0.0,741,,,,,,,,
ITEM0743,0.88801,-0.83248,0.16225,2,0002-02-01,,,46,2,71,0.29,0,0.0,742,,,,,,,,Form_8
ITEM0744,1.36241,-1.50139,0.13968,1,0001-03-01,,,30,1,74,0.22,0,0.0,743,Form_1,,,,,,,
ITEM0745,0.95066,-1.22022,0.12678,2,0002-01-01,,,20,4,57,0.18,1,0.0,744,Form_1,,,Form_4,,,Form_7,
ITEM0746,0.72632,-1.17909,0.08597,4,0004-02-01,,,60,0,25,0.22,1,0.0,745,Form_1,,,Form_4,,,Form_7,
ITEM0747,0.80541,0.32074,0.13527,4,0004-03-01,,,34,3,70,0.4,1,0.0,746,Form_1,,,Form_4,,,Form_7,
ITEM0748,1.14878,-0.16733,0.11801,1,0001-01-01,,,32,4,73,0.45,1,0.0,747,Form_1,,,Form_4,,,Form_7,
ITEM0749,0.95865,-3.03536,0.12656,1,0001-02-01,,,34,1,41,0.3,0,0.0,748,,,,,Form_5,,,
ITEM0750,0.91558,0.71829,0.05858,2,0002-03-01,,,55,4,37,0.45,1,0.0,749,Form_1,,,Form_4,,,Form_7,
