clave,a,b,c,area,subarea,amigos,enemigos,palabras,imagenes,DIF,CORR
Item0001,0.88548,-0.62177,0.07783,2,2-1,1,3,52,4,41,0.35
Item0002,1.00774,0.56841,0.09524,2,2-2,1,,38,0,17,0.15
Item0003,1.13587,0.11357,0.04948,2,2-3,1,,28,4,44,0.16
Item0004,1.07187,-0.72463,0.04865,3,3-1,1,,33,4,60,0.27
Item0005,0.79061,0.74804,0.08059,3,3-2,1,,58,2,20,0.29
Item0006,0.71568,-0.82911,0.081,4,4-3,1,,50,3,23,0.45
Item0007,1.12442,0.96935,0.05255,4,4-1,1,,52,5,20,0.22
Item0008,0.8701,0.95398,0.13337,2,2-2,12,,36,1,14,0.21
Item0009,0.79657,0.64729,0.05826,2,2-3,12,,60,4,35,0.5
Item0010,1.12736,-0.65362,0.0754,1,1-1,15,,29,5,47,0.15
Item0011,0.94616,1.34744,0.13296,2,2-2,16,,43,4,26,0.42
Item0012,0.68797,0.46714,0.06195,4,4-3,17,,58,1,32,0.5
Item0013,0.85052,1.99722,0.09789,4,4-1,18,,40,4,51,0.4
Item0014,0.87269,-1.26518,0.06343,2,2-2,19,1,20,3,50,0.38
Item0015,0.88567,-0.20955,0.09393,2,2-3,19,,45,3,41,0.14
Item0016,0.86801,-1.81459,0.07482,3,3-1,20,,44,4,18,0.31
Item0017,0.64289,-1.73875,0.11936,4,4-2,22,1,21,3,77,0.25
Item0018,0.84077,-0.589,0.19545,2,2-3,22,,55,4,36,0.3
Item0019,0.88847,1.16063,0.0826,2,2-1,23,,27,0,43,0.17
Item0020,0.81902,1.00354,0.16831,2,2-2,25,,33,3,80,0.4
Item0021,0.9118,0.04482,0.08642,1,1-3,25,,55,1,46,0.24
Item0022,0.81241,-1.59238,0.0634,3,3-1,25,1,23,1,70,0.36
Item0023,0.77538,-0.71848,0.05483,3,3-2,26,,54,4,74,0.3
Item0024,1.07524,0.643,0.09099,3,3-3,26,,54,1,42,0.3
Item0025,1.33907,-1.61589,0.07205,1,1-1,26,,22,3,19,0.39
Item0026,1.11824,-2.03183,0.07209,4,4-2,29,,54,1,41,0.19
Item0027,0.75619,-0.89245,0.15019,3,3-3,31,,31,2,61,0.3
Item0028,0.9245,-0.57467,0.09919,3,3-1,31,,59,0,69,0.23
Item0029,0.87408,1.86121,0.11741,4,4-2,31,,43,0,78,0.3
Item0030,0.96693,-0.51581,0.03734,3,3-3,32,,37,5,17,0.12
Item0031,0.97599,2.76423,0.08252,1,1-1,34,,34,0,14,0.35
Item0032,0.9305,1.77875,0.19077,1,1-2,35,,31,0,30,0.14
Item0033,0.7591,-0.39276,0.02882,2,2-3,37,,60,5,20,0.25
Item0034,0.77858,-0.7596,0.10047,3,3-1,38,1,49,1,60,0.3
Item0035,1.2366,0.07415,0.08355,3,3-2,39,,44,1,22,0.31
Item0036,0.66339,-0.85677,0.1453,2,2-3,39,,46,4,54,0.49
Item0037,1.48968,-0.10042,0.16912,2,2-1,40,,30,0,66,0.42
Item0038,0.85507,0.72304,0.08268,4,4-2,41,,55,2,23,0.19
Item0039,0.79135,0.63562,0.08942,4,4-3,43,,38,2,39,0.42
Item0040,0.90462,1.58554,0.07648,3,3-1,43,,37,3,27,0.48
Item0041,0.90211,-0.88364,0.17824,2,2-2,43,,46,3,68,0.37
Item0042,0.70796,-2.36137,0.09,3,3-3,43,,23,5,30,0.34
Item0043,0.62578,-2.07427,0.10774,3,3-1,44,,42,4,54,0.48
Item0044,0.97832,-1.89424,0.05801,4,4-2,45,,56,2,37,0.3
Item0045,0.87715,2.19265,0.10459,3,3-3,46,,46,5,52,0.27
Item0046,1.05199,-0.97331,0.06731,4,4-1,46,,37,5,76,0.16
Item0047,0.64975,0.24369,0.10486,3,3-2,46,,54,1,43,0.33
Item0048,0.57689,0.61335,0.03836,4,4-3,47,,32,4,67,0.23
Item0049,0.7016,-1.34513,0.08869,3,3-1,48,,31,2,68,0.33
Item0050,0.77325,-0.36181,0.09425,3,3-2,48,,46,4,49,0.23
Item0051,0.76527,-1.51688,0.10299,2,2-3,49,,56,0,29,0.42
Item0052,0.73743,0.76852,0.03241,3,3-1,49,,60,5,39,0.14
Item0053,0.93052,0.9981,0.22547,4,4-2,49,,59,4,53,0.36
Item0054,1.11809,-1.67409,0.17775,1,1-3,50,,60,1,20,0.48
Item0055,1.06198,0.52885,0.05305,1,1-1,51,,33,4,43,0.33
Item0056,1.2068,-0.80913,0.08415,1,1-2,51,,22,0,49,0.48
Item0057,1.04753,-1.43707,0.07524,1,1-3,53,2,59,1,15,0.12
Item0058,1.08746,1.68834,0.16851,3,3-1,54,,59,2,80,0.25
Item0059,0.7308,-0.90531,0.10404,2,2-2,54,,31,3,65,0.38
Item0060,0.82954,-0.22011,0.0295,4,4-3,54,2,36,2,50,0.5
Item0061,0.80329,0.19536,0.11514,3,3-1,55,,59,4,18,0.15
Item0062,1.02794,-1.6899,0.05323,4,4-2,55,,38,5,42,0.37
Item0063,0.76433,0.44945,0.08732,4,4-3,56,,27,0,76,0.12
Item0064,0.84451,0.62966,0.04905,3,3-1,56,,20,2,19,0.41
Item0065,0.92535,-1.67509,0.11061,4,4-2,56,,31,1,25,0.42
Item0066,1.25464,-0.47086,0.18447,4,4-3,57,,55,1,40,0.31
Item0067,0.77858,-0.42526,0.02199,4,4-1,57,,29,0,64,0.14
Item0068,1.00191,1.42997,0.06354,2,2-2,58,,26,2,71,0.5
Item0069,1.3195,-0.38972,0.1975,3,3-3,58,,48,5,49,0.36
Item0070,1.07811,1.76099,0.11651,3,3-1,59,,41,0,44,0.31
Item0071,1.21868,2.24896,0.12943,3,3-2,59,,40,4,40,0.5
Item0072,0.87434,-0.76288,0.02995,3,3-3,60,,43,3,68,0.36
Item0073,0.83605,1.1303,0.04683,4,4-1,60,,28,3,21,0.3
Item0074,0.90405,0.57755,0.16198,4,4-2,60,,43,2,60,0.4
Item0075,0.82625,-2.13463,0.09736,4,4-3,61,,54,5,41,0.31
Item0076,0.94985,-0.97421,0.05742,4,4-1,61,,33,3,30,0.41
Item0077,0.98361,-0.31063,0.11543,1,1-2,64,2,22,3,51,0.26
Item0078,0.99715,-0.76228,0.10106,3,3-3,65,,36,2,70,0.4
Item0079,0.59733,-0.56983,0.08748,2,2-1,67,,47,0,32,0.4
Item0080,1.05622,-0.65426,0.13019,1,1-2,68,,52,3,34,0.12
Item0081,0.82809,-0.91259,0.05251,2,2-3,70,,52,0,18,0.41
Item0082,0.89653,-0.24516,0.06413,4,4-1,71,,26,4,59,0.19
Item0083,0.98314,-1.1985,0.16409,4,4-2,71,,26,5,65,0.21
Item0084,1.09688,-1.13752,0.12108,4,4-3,71,3,45,1,53,0.44
Item0085,1.29315,-0.31546,0.09512,2,2-1,71,,36,5,74,0.4
Item0086,0.83557,-0.56865,0.0982,1,1-2,71,,45,1,32,0.13
Item0087,1.06868,-1.26562,0.06618,2,2-3,71,,50,4,69,0.12
Item0088,1.09868,0.03741,0.06303,4,4-1,73,,33,4,65,0.34
Item0089,0.79152,1.19758,0.10506,4,4-2,73,,39,4,58,0.2
Item0090,1.57651,0.52037,0.15863,3,3-3,73,,31,5,50,0.5
Item0091,1.07324,-0.39798,0.05848,2,2-1,76,,60,0,31,0.34
Item0092,1.12829,-0.87902,0.17726,4,4-2,77,,50,4,75,0.16
Item0093,0.93335,3.66264,0.09351,4,4-3,77,2,39,4,77,0.18
Item0094,0.8725,-1.07071,0.05694,1,1-1,78,,42,4,23,0.44
Item0095,0.85202,-1.21159,0.06049,3,3-2,79,,25,5,68,0.19
Item0096,0.90424,-1.79109,0.04509,1,1-3,79,,54,2,17,0.25
Item0097,0.96842,-0.407,0.22793,1,1-1,79,,32,4,29,0.33
Item0098,0.9502,-0.55631,0.1034,2,2-2,80,,31,2,78,0.17
Item0099,0.66123,-2.15132,0.08986,4,4-3,80,,42,0,65,0.44
Item0100,0.96695,1.21506,0.09811,2,2-1,81,,30,0,50,0.31
Item0101,0.66979,0.44099,0.08761,2,2-2,83,,45,2,25,0.47
Item0102,0.9418,1.30631,0.06243,2,2-3,83,,40,0,35,0.34
Item0103,1.06731,-0.78638,0.0917,1,1-1,83,,40,1,38,0.32
Item0104,0.71969,-1.81687,0.11125,4,4-2,84,,55,0,65,0.2
Item0105,0.81513,2.90003,0.10163,2,2-3,84,,58,5,49,0.21
Item0106,1.28989,-1.17478,0.12532,4,4-1,85,,41,0,20,0.22
Item0107,0.80745,0.59261,0.08248,3,3-2,85,3,45,1,40,0.38
Item0108,0.64735,-1.22642,0.06785,4,4-3,86,,41,4,63,0.27
Item0109,0.9321,0.27182,0.04932,1,1-1,86,,33,1,38,0.34
Item0110,1.04799,-0.97743,0.11016,4,4-2,87,,57,2,26,0.24
Item0111,0.99438,-0.02322,0.09888,4,4-3,87,3,27,5,49,0.27
Item0112,0.93312,0.13395,0.16417,1,1-1,88,,37,1,23,0.39
Item0113,0.716,-1.41524,0.08294,4,4-2,88,,38,4,53,0.44
Item0114,1.09587,-1.41738,0.07638,4,4-3,88,,59,2,71,0.14
Item0115,0.90761,-0.7706,0.06736,4,4-1,88,,43,3,48,0.16
Item0116,0.85473,-0.35627,0.09651,3,3-2,89,,25,3,30,0.45
Item0117,1.09429,-1.82042,0.14075,3,3-3,89,,34,2,44,0.14
Item0118,0.49333,1.59695,0.14735,4,4-1,89,,37,0,68,0.27
Item0119,1.08824,3.34168,0.09527,2,2-2,89,,59,5,33,0.35
Item0120,0.81012,-0.05328,0.09352,4,4-3,90,,52,2,31,0.28
Item0121,1.09299,1.1737,0.23582,3,3-1,90,,26,3,19,0.21
Item0122,0.92566,-2.64625,0.06524,4,4-2,90,,48,5,31,0.4
Item0123,0.95085,0.74187,0.05292,3,3-3,91,,28,3,29,0.28
Item0124,0.65911,-0.07746,0.12426,4,4-1,91,,37,5,28,0.18
Item0125,0.76795,-1.67037,0.14131,1,1-2,93,,23,1,16,0.38
Item0126,0.80294,-0.71173,0.16529,1,1-3,94,,33,3,53,0.21
Item0127,0.5898,-1.17885,0.12377,1,1-1,96,,26,3,48,0.32
Item0128,1.09515,-0.84639,0.11132,2,2-2,96,,33,3,75,0.19
Item0129,1.33312,-1.0912,0.13874,2,2-3,97,,58,1,19,0.31
Item0130,0.71668,1.40408,0.14637,4,4-1,98,,37,0,63,0.4
Item0131,0.63074,-1.68325,0.21702,3,3-2,100,,53,3,55,0.3
Item0132,0.98835,-0.06741,0.16831,2,2-3,101,,35,0,28,0.18
Item0133,1.02529,1.01721,0.12526,1,1-1,102,,39,2,20,0.47
Item0134,0.90794,0.95107,0.13411,4,4-2,102,,37,0,43,0.2
Item0135,0.80623,-1.24563,0.12201,3,3-3,102,,60,1,58,0.35
Item0136,1.05071,-0.81772,0.11574,4,4-1,102,,29,5,19,0.15
Item0137,1.09591,0.67667,0.06599,1,1-2,102,,34,2,70,0.29
Item0138,0.7684,-0.06725,0.13818,2,2-3,102,,60,5,23,0.27
Item0139,1.18173,-0.85171,0.04763,1,1-1,103,,40,2,35,0.24
Item0140,0.82382,0.3104,0.083,4,4-2,103,,51,4,50,0.31
Item0141,1.2431,-0.88082,0.03919,3,3-3,103,,21,2,15,0.29
Item0142,0.90256,0.88638,0.11675,4,4-1,104,,28,4,77,0.32
Item0143,1.43847,-0.56342,0.07348,1,1-2,104,,33,0,78,0.31
Item0144,1.00533,0.79749,0.16058,3,3-3,104,,42,2,42,0.38
Item0145,0.63205,-0.39418,0.08105,1,1-1,105,,49,1,51,0.31
Item0146,0.64855,0.62116,0.04989,4,4-2,105,,24,1,35,0.33
Item0147,0.97276,1.29102,0.1016,4,4-3,106,,55,0,60,0.4
Item0148,1.37496,1.03736,0.13204,2,2-1,107,,36,0,48,0.26
Item0149,0.8682,-0.68799,0.0494,4,4-2,107,,33,3,71,0.28
Item0150,1.18987,-0.99914,0.05121,3,3-3,108,,44,4,35,0.38
Item0151,1.16509,0.84856,0.11908,2,2-1,108,,32,2,59,0.25
Item0152,1.05318,-0.01788,0.03593,4,4-2,110,,27,4,43,0.16
Item0153,0.9135,-0.83463,0.11642,4,4-3,111,,47,2,40,0.37
Item0154,0.98336,1.74733,0.08271,3,3-1,111,,27,0,74,0.12
Item0155,0.85621,0.58376,0.20312,3,3-2,112,,51,1,49,0.49
Item0156,0.67806,-0.81176,0.03953,1,1-3,112,,50,4,51,0.34
Item0157,0.75102,-1.2376,0.12299,3,3-1,112,,25,2,73,0.12
Item0158,0.88475,-2.59776,0.07795,1,1-2,112,,27,0,50,0.5
Item0159,0.93069,-0.29407,0.1328,3,3-3,112,,35,5,47,0.21
Item0160,0.96574,0.95309,0.11525,2,2-1,112,,60,4,36,0.47
Item0161,1.01986,0.58132,0.10165,2,2-2,113,,20,1,65,0.22
Item0162,0.78146,-0.34598,0.0625,1,1-3,113,,56,0,32,0.43
Item0163,1.18801,-2.22294,0.07146,3,3-1,115,,57,3,66,0.37
Item0164,0.81623,0.21732,0.09127,2,2-2,115,,36,1,26,0.23
Item0165,0.87758,-0.98002,0.05011,2,2-3,115,,32,5,70,0.48
Item0166,0.71285,-1.15206,0.16238,3,3-1,116,,25,3,58,0.34
Item0167,1.16938,1.62966,0.05767,3,3-2,116,,29,3,22,0.23
Item0168,0.97835,-0.33386,0.08284,3,3-3,117,,56,2,53,0.4
Item0169,0.62072,0.34191,0.11362,2,2-1,118,,36,1,59,0.22
Item0170,0.99761,2.0493,0.04637,3,3-2,118,,50,3,29,0.38
Item0171,1.03497,1.74357,0.15044,3,3-3,119,,20,2,66,0.24
Item0172,0.94879,1.4033,0.13358,4,4-1,119,,47,4,38,0.13
Item0173,0.95944,-0.92496,0.09509,1,1-2,120,,28,1,72,0.39
Item0174,0.7634,0.63091,0.07524,3,3-3,120,,21,2,54,0.37
Item0175,0.7099,0.80977,0.0639,3,3-1,120,,47,3,38,0.37
Item0176,1.0521,-0.63551,0.12543,1,1-2,121,,37,2,17,0.42
Item0177,0.76212,-1.34497,0.19663,2,2-3,121,,39,5,29,0.46
Item0178,1.43956,-1.27674,0.21738,1,1-1,121,,20,4,46,0.44
Item0179,0.66475,-1.81827,0.04952,3,3-2,122,,50,0,66,0.33
Item0180,0.74106,-0.18504,0.14852,1,1-3,124,,59,1,31,0.4
Item0181,0.73735,-0.31118,0.15399,1,1-1,125,,59,0,71,0.46
Item0182,1.19756,-0.33802,0.1182,1,1-2,125,,33,2,53,0.15
Item0183,1.21004,0.89802,0.1449,4,4-3,125,,48,1,45,0.39
Item0184,1.08057,-0.57119,0.10835,2,2-1,126,,42,2,32,0.16
Item0185,0.88182,1.23185,0.13578,2,2-2,126,,25,4,35,0.44
Item0186,0.94965,2.24058,0.08183,3,3-3,127,,50,4,53,0.19
Item0187,1.00229,-1.37841,0.12862,3,3-1,127,,48,4,53,0.47
Item0188,0.74139,-0.6256,0.15454,2,2-2,127,,40,5,18,0.37
Item0189,0.82386,0.56085,0.08914,3,3-3,129,,53,5,64,0.18
Item0190,0.87011,-0.04286,0.10707,4,4-1,130,,54,4,71,0.16
Item0191,0.88107,2.30333,0.10465,1,1-2,130,,54,0,73,0.48
Item0192,0.82245,-0.6511,0.05816,4,4-3,130,,57,2,50,0.15
Item0193,1.00812,-1.15563,0.11776,1,1-1,130,,50,4,35,0.43
Item0194,0.80212,-0.3021,0.10471,1,1-2,131,,27,1,33,0.47
Item0195,0.81079,1.60463,0.10405,3,3-3,132,,39,5,37,0.48
Item0196,0.91505,0.77024,0.09686,2,2-1,132,,58,4,47,0.19
Item0197,1.03575,-1.85224,0.16685,2,2-2,133,,44,3,67,0.49
Item0198,0.98149,-1.50238,0.06038,3,3-3,134,,44,1,47,0.43
Item0199,1.13383,-0.39245,0.18672,4,4-1,134,,48,0,46,0.37
Item0200,0.85989,0.7358,0.14644,2,2-2,135,,51,4,41,0.22
Item0201,0.94472,-0.05813,0.09778,4,4-3,135,,36,1,45,0.19
Item0202,1.10437,-1.5587,0.11807,3,3-1,136,,35,3,14,0.24
Item0203,0.86889,1.55789,0.0962,2,2-2,136,,26,5,27,0.3
Item0204,1.01148,-1.47099,0.09469,2,2-3,138,,31,2,56,0.17
Item0205,0.81863,-0.28905,0.10286,3,3-1,139,,28,2,20,0.47
Item0206,0.9088,1.98178,0.12373,1,1-2,139,,59,5,67,0.24
Item0207,0.5884,-1.69507,0.04067,4,4-3,139,,49,1,60,0.44
Item0208,1.05089,0.16693,0.08615,4,4-1,140,,44,5,36,0.21
Item0209,0.86702,0.31086,0.05984,4,4-2,140,,46,2,39,0.12
Item0210,0.96235,0.93808,0.05261,4,4-3,141,,50,4,45,0.14
Item0211,1.01313,-0.01804,0.11143,3,3-1,141,,29,0,69,0.5
Item0212,1.12224,-1.58934,0.15148,4,4-2,142,,26,5,34,0.24
Item0213,1.00311,-0.42835,0.08991,3,3-3,143,,38,3,41,0.16
Item0214,1.1941,1.15479,0.15672,1,1-1,143,,43,0,44,0.12
Item0215,0.79274,-0.14833,0.05268,1,1-2,144,,34,0,63,0.44
Item0216,1.28039,-1.3889,0.07707,1,1-3,144,,34,5,27,0.2
Item0217,0.60477,-0.28994,0.0626,4,4-1,144,,46,5,49,0.41
Item0218,0.8704,-0.94042,0.0604,1,1-2,145,,23,0,65,0.34
Item0219,0.74087,-0.23408,0.06101,2,2-3,145,,30,2,58,0.38
Item0220,0.95287,-0.00009,0.08994,2,2-1,145,,20,1,69,0.44
Item0221,1.01271,-0.09659,0.08433,2,2-2,145,,35,1,57,0.22
Item0222,0.8362,-1.48266,0.04491,2,2-3,146,,47,4,20,0.28
Item0223,0.89743,-0.33245,0.02808,4,4-1,146,,59,1,38,0.13
Item0224,0.85163,0.02134,0.0894,2,2-2,147,,57,1,53,0.38
Item0225,0.90632,1.52489,0.10087,3,3-3,147,,57,1,69,0.27
Item0226,1.25597,-0.48202,0.07069,1,1-1,147,,60,0,79,0.37
Item0227,0.92154,-0.39891,0.12186,2,2-2,147,,33,3,71,0.16
Item0228,0.95438,-0.76598,0.08652,2,2-3,149,,26,1,69,0.34
Item0229,0.85917,-1.93541,0.1383,2,2-1,151,,37,3,46,0.45
Item0230,0.86693,0.68968,0.08531,2,2-2,151,,46,1,39,0.18
Item0231,1.27779,2.05652,0.06039,4,4-3,151,,59,3,28,0.33
Item0232,0.89224,-1.24619,0.06257,2,2-1,151,,35,1,66,0.41
Item0233,1.07048,-0.28792,0.06576,3,3-2,152,,21,5,71,0.36
Item0234,0.61007,-0.4823,0.13927,1,1-3,153,,43,0,58,0.19
Item0235,0.8531,1.96731,0.1309,2,2-1,154,,60,2,77,0.22
Item0236,0.72283,0.50573,0.188,1,1-2,154,,59,3,44,0.46
Item0237,0.85962,0.52942,0.09015,3,3-3,156,,51,3,32,0.34
Item0238,1.28668,-1.47851,0.09271,2,2-1,156,,20,0,49,0.4
Item0239,1.16848,1.50468,0.12857,2,2-2,157,,24,2,59,0.26
Item0240,1.02364,0.32203,0.06961,4,4-3,158,,46,0,28,0.5
Item0241,0.91683,1.61196,0.10882,4,4-1,159,,31,4,26,0.3
Item0242,0.83956,-0.06723,0.10974,2,2-2,159,,58,2,64,0.39
Item0243,0.81268,1.86019,0.04445,1,1-3,160,,35,4,72,0.18
Item0244,0.8622,1.9947,0.08126,3,3-1,161,,58,5,22,0.42
Item0245,0.8596,0.11299,0.05631,3,3-2,161,,29,4,48,0.37
Item0246,0.70197,0.35885,0.21091,4,4-3,164,,28,3,19,0.22
Item0247,1.11163,-1.53674,0.07943,2,2-1,164,,47,3,21,0.4
Item0248,0.73093,-0.09164,0.07182,1,1-2,164,,31,4,16,0.14
Item0249,0.54606,0.10993,0.05563,1,1-3,165,,32,5,16,0.24
Item0250,1.05494,1.13567,0.1226,3,3-1,166,,43,2,49,0.26
Item0251,1.56017,-0.48543,0.06616,1,1-2,166,,59,0,45,0.12
Item0252,0.69989,-0.53072,0.12248,2,2-3,167,,22,5,70,0.14
Item0253,1.16678,-0.17147,0.1142,2,2-1,168,,50,2,59,0.44
Item0254,0.98933,0.07365,0.11138,1,1-2,168,,39,2,50,0.46
Item0255,1.14236,-0.36931,0.05535,2,2-3,170,,35,4,63,0.42
Item0256,0.80775,-0.3403,0.1474,4,4-1,170,,49,0,34,0.18
Item0257,1.1174,0.52213,0.10784,2,2-2,171,,53,4,64,0.34
Item0258,0.93974,0.64891,0.08172,1,1-3,171,,60,3,64,0.45
Item0259,0.6495,-1.15352,0.03555,3,3-1,173,,33,5,24,0.46
Item0260,0.97065,0.46827,0.07802,4,4-2,174,,51,3,22,0.14
Item0261,1.0547,-0.43602,0.15332,4,4-3,174,,50,0,72,0.49
Item0262,0.72757,-0.76762,0.09945,2,2-1,174,,53,1,29,0.44
Item0263,1.37708,0.30823,0.10184,3,3-2,175,,27,4,44,0.27
Item0264,1.0947,0.39164,0.11903,2,2-3,175,,53,1,52,0.47
Item0265,1.11162,-1.62623,0.09337,1,1-1,176,,54,5,17,0.36
Item0266,1.22975,-1.62495,0.13988,1,1-2,176,,25,0,67,0.14
Item0267,0.99621,0.2627,0.05253,4,4-3,176,,34,0,79,0.43
Item0268,1.03488,-0.53768,0.06832,1,1-1,177,,25,5,49,0.29
Item0269,0.83769,-0.82011,0.04525,3,3-2,178,,25,3,25,0.38
Item0270,1.15804,-0.92515,0.02913,1,1-3,178,,20,1,65,0.16
Item0271,1.25178,-0.24562,0.17902,1,1-1,178,,37,2,71,0.39
Item0272,1.02585,0.81542,0.08824,3,3-2,179,,33,3,49,0.29
Item0273,0.75646,-1.23451,0.08028,3,3-3,179,,24,0,59,0.19
Item0274,0.76673,0.48626,0.11933,3,3-1,181,,49,2,28,0.31
Item0275,1.30555,1.08917,0.07478,1,1-2,181,,33,0,56,0.21
Item0276,0.83928,-1.15003,0.16849,1,1-3,182,,20,1,60,0.39
Item0277,1.05029,-1.16132,0.14672,4,4-1,182,,41,3,31,0.28
Item0278,0.87989,-0.1583,0.10464,1,1-2,183,,24,1,67,0.33
Item0279,0.90675,1.3334,0.0758,1,1-3,184,,27,1,55,0.31
Item0280,0.57676,-2.10528,0.0805,2,2-1,185,,35,4,29,0.47
Item0281,0.97649,2.05937,0.12363,2,2-2,185,,49,5,33,0.19
Item0282,1.06146,0.0362,0.14875,1,1-3,186,,50,2,15,0.25
Item0283,0.85042,0.14789,0.1126,4,4-1,186,,52,1,71,0.25
Item0284,0.58538,-1.63472,0.13262,1,1-2,186,,35,1,43,0.39
Item0285,1.10869,-0.53043,0.09279,4,4-3,187,,33,3,67,0.23
Item0286,0.84205,0.06487,0.10782,2,2-1,187,,31,4,50,0.32
Item0287,0.95573,-0.20761,0.08326,3,3-2,187,,53,4,48,0.45
Item0288,0.98416,-0.36609,0.07446,3,3-3,187,,54,3,33,0.22
Item0289,0.7723,2.08088,0.10382,1,1-1,187,,58,1,39,0.26
Item0290,1.19551,-0.24262,0.10087,2,2-2,189,,31,5,80,0.19
Item0291,0.78107,-1.2971,0.12796,1,1-3,193,,43,5,19,0.13
Item0292,0.83037,-1.8934,0.10042,1,1-1,193,,51,5,76,0.43
Item0293,0.86187,1.21069,0.06736,1,1-2,193,,47,2,39,0.19
Item0294,0.90798,0.45755,0.09021,4,4-3,195,,35,1,64,0.13
Item0295,0.75978,-0.77851,0.12326,3,3-1,195,,34,2,25,0.46
Item0296,1.06112,-1.69788,0.13429,1,1-2,197,,43,0,26,0.34
Item0297,0.77409,2.28425,0.14792,3,3-3,197,,55,1,44,0.5
Item0298,1.07213,0.18332,0.25845,2,2-1,197,,35,4,65,0.14
Item0299,1.14472,0.55949,0.11995,2,2-2,199,,32,2,34,0.41
Item0300,0.77273,0.63951,0.14587,3,3-3,199,,36,5,18,0.45
Item0301,1.42002,-1.41056,0.08381,4,4-1,199,,43,3,64,0.39
Item0302,1.17846,-1.75893,0.12152,2,2-2,199,,38,2,27,0.14
Item0303,0.98289,-0.42909,0.07713,2,2-3,201,,53,1,38,0.15
Item0304,0.85672,0.26309,0.05702,2,2-1,201,,56,4,21,0.21
Item0305,0.84188,0.9154,0.05061,1,1-2,202,,52,3,76,0.26
Item0306,0.91461,1.93271,0.10651,4,4-3,202,,58,5,61,0.18
Item0307,1.19326,4.5685,0.05986,4,4-1,203,,58,2,14,0.28
Item0308,0.68892,-0.86891,0.14198,1,1-2,203,,48,3,78,0.21
Item0309,0.54999,-0.40107,0.04143,1,1-3,203,,42,4,74,0.49
Item0310,1.28433,1.49564,0.1241,2,2-1,204,,26,2,51,0.31
Item0311,1.24151,-0.10615,0.07478,1,1-2,204,,42,4,49,0.33
Item0312,0.72465,2.71883,0.21545,4,4-3,205,,52,3,37,0.43
Item0313,1.12839,-1.44241,0.12684,1,1-1,207,,54,4,43,0.22
Item0314,1.13795,-0.00106,0.05933,1,1-2,208,,25,5,39,0.17
Item0315,0.76889,-0.06701,0.10468,3,3-3,209,,29,5,61,0.42
Item0316,1.00867,-0.54033,0.12972,4,4-1,210,,56,5,49,0.5
Item0317,0.89467,-1.42736,0.08738,4,4-2,211,,49,0,39,0.38
Item0318,0.70471,-1.01718,0.08739,4,4-3,211,,58,4,56,0.19
Item0319,0.80017,-0.32093,0.09327,3,3-1,212,,43,1,32,0.12
Item0320,0.87637,-2.2263,0.10337,4,4-2,213,,34,5,68,0.41
Item0321,0.84252,1.60977,0.09389,2,2-3,213,,32,3,77,0.23
Item0322,0.91192,-1.72086,0.08146,4,4-1,213,,45,1,75,0.23
Item0323,0.64734,0.54553,0.10993,2,2-2,214,,49,2,26,0.32
Item0324,1.07511,1.06731,0.04986,4,4-3,215,,30,5,75,0.39
Item0325,0.88835,1.07688,0.05314,3,3-1,216,,56,3,68,0.45
Item0326,0.79209,-1.96688,0.04795,3,3-2,216,,45,4,69,0.16
Item0327,0.84276,-1.11021,0.18177,2,2-3,216,,42,4,78,0.41
Item0328,1.01801,-0.65152,0.06761,4,4-1,216,,55,4,77,0.36
Item0329,0.81652,1.29974,0.14328,2,2-2,217,,27,4,57,0.45
Item0330,0.84199,-0.31987,0.06577,2,2-3,217,,57,1,48,0.38
Item0331,0.9351,-0.36965,0.09108,4,4-1,219,,59,2,74,0.43
Item0332,1.27408,1.43839,0.09846,4,4-2,220,,41,4,45,0.19
Item0333,0.87922,-0.58534,0.04147,3,3-3,220,,52,5,38,0.48
Item0334,0.91397,0.7098,0.07811,2,2-1,220,,25,3,57,0.13
Item0335,1.27613,0.49783,0.068,1,1-2,222,,59,0,45,0.35
Item0336,1.21364,0.10629,0.10187,1,1-3,222,,49,4,17,0.27
Item0337,0.73374,-0.87245,0.09473,4,4-1,222,,25,4,79,0.46
Item0338,1.19041,-0.11074,0.16861,3,3-2,223,,30,3,18,0.38
Item0339,0.76457,-0.76826,0.14431,2,2-3,223,,44,3,15,0.47
Item0340,0.88333,-0.01792,0.09451,3,3-1,223,,21,2,75,0.14
Item0341,1.05876,1.44671,0.07449,2,2-2,223,,49,2,69,0.4
Item0342,0.72715,2.40909,0.08911,4,4-3,224,,38,5,16,0.4
Item0343,0.79472,-0.0395,0.04211,3,3-1,224,,48,4,80,0.43
Item0344,0.81308,1.91204,0.06102,1,1-2,225,,20,3,61,0.17
Item0345,1.26252,0.78133,0.10813,3,3-3,227,,47,4,32,0.16
Item0346,0.82344,-0.55263,0.06534,4,4-1,227,,25,5,59,0.13
Item0347,0.91406,2.16147,0.12651,4,4-2,228,,30,2,41,0.34
Item0348,0.73006,1.02515,0.04731,3,3-3,229,,30,2,25,0.15
Item0349,0.66683,0.71791,0.06421,4,4-1,231,,38,2,46,0.43
Item0350,0.97481,-0.49559,0.23081,3,3-2,232,,49,4,77,0.18
Item0351,1.00929,1.14679,0.12803,1,1-3,234,,28,1,37,0.42
Item0352,1.02073,-0.74968,0.1086,3,3-1,235,,43,0,21,0.17
Item0353,0.97042,-0.84976,0.12926,3,3-2,236,,27,1,49,0.5
Item0354,0.9933,-0.18874,0.13481,1,1-3,236,,36,5,34,0.32
Item0355,0.88245,0.41869,0.16274,2,2-1,237,,52,1,53,0.25
Item0356,0.59414,-1.3675,0.09224,4,4-2,238,,44,2,25,0.25
Item0357,0.91803,0.1144,0.05247,1,1-3,238,,50,0,56,0.29
Item0358,0.55733,-0.26975,0.0873,1,1-1,238,,35,3,29,0.38
Item0359,1.20263,0.923,0.03682,3,3-2,238,,47,1,76,0.12
Item0360,0.94673,1.11242,0.08564,4,4-3,238,,49,3,67,0.19
Item0361,0.86537,-0.68792,0.10131,1,1-1,238,,29,5,47,0.49
Item0362,0.98417,0.98018,0.07001,3,3-2,239,,47,2,53,0.25
Item0363,1.35888,-0.87421,0.12938,2,2-3,240,,38,5,49,0.37
Item0364,0.68039,-0.88617,0.11859,1,1-1,241,,54,3,54,0.13
Item0365,1.05639,2.50937,0.16724,2,2-2,241,,58,2,66,0.49
Item0366,0.91735,-2.03935,0.03157,3,3-3,242,,46,1,51,0.48
Item0367,1.16553,-2.54623,0.09715,2,2-1,242,,58,5,45,0.3
Item0368,0.96714,0.026,0.19476,4,4-2,242,,39,3,28,0.12
Item0369,1.08994,0.83593,0.03555,2,2-3,243,,22,1,17,0.19
Item0370,0.51617,-1.7635,0.14879,2,2-1,243,,25,3,27,0.28
Item0371,0.86825,-0.02886,0.15468,4,4-2,244,,32,4,56,0.42
Item0372,0.93118,-1.91102,0.08402,4,4-3,244,,23,1,35,0.3
Item0373,0.90413,1.34087,0.10155,3,3-1,245,,45,5,40,0.2
Item0374,1.12005,-0.79393,0.16231,4,4-2,245,,23,1,34,0.4
Item0375,0.90305,1.90063,0.11714,1,1-3,245,,28,5,55,0.12
Item0376,0.90183,-0.68419,0.10994,2,2-1,,,43,2,58,0.4
Item0377,0.95015,-1.61576,0.1441,4,4-2,,,28,5,73,0.32
Item0378,0.9948,0.77397,0.11455,4,4-3,,,27,5,54,0.3
Item0379,0.82886,-1.37866,0.03328,3,3-1,,,23,3,76,0.19
Item0380,0.85753,0.1332,0.10282,3,3-2,,,43,1,26,0.31
Item0381,1.20502,-0.3521,0.14991,3,3-3,,,25,2,21,0.13
Item0382,0.62947,0.46333,0.07161,1,1-1,,,41,2,68,0.41
Item0383,0.71783,0.18698,0.13454,3,3-2,,,47,0,40,0.46
Item0384,0.81878,-0.4933,0.02261,1,1-3,,,37,2,75,0.46
Item0385,0.75068,-1.17277,0.10442,4,4-1,,,51,0,73,0.24
Item0386,0.8022,-2.39053,0.06686,2,2-2,,,37,4,69,0.18
Item0387,0.80105,-0.2531,0.08674,1,1-3,,,22,0,56,0.17
Item0388,0.93948,-1.90176,0.09545,2,2-1,,,45,1,79,0.19
Item0389,1.31711,-0.46377,0.07751,3,3-2,,,23,1,28,0.45
Item0390,0.91798,-0.88097,0.14725,4,4-3,,,41,2,17,0.37
Item0391,1.08953,0.74503,0.13177,1,1-1,,,37,4,38,0.21
Item0392,0.70957,3.39602,0.0862,3,3-2,,,23,4,72,0.28
Item0393,0.85204,1.06095,0.0814,1,1-3,,,38,3,59,0.41
Item0394,1.2416,0.90919,0.07379,3,3-1,,,25,1,55,0.45
Item0395,0.76698,-2.00682,0.07212,1,1-2,,,36,4,32,0.41
Item0396,1.00299,0.4488,0.10626,2,2-3,,,40,3,69,0.19
Item0397,0.9941,1.05037,0.10364,3,3-1,,,28,5,17,0.49
Item0398,0.9025,1.72114,0.08934,1,1-2,,,56,3,28,0.12
Item0399,0.99408,-0.5888,0.05229,2,2-3,,,22,4,23,0.39
Item0400,0.78256,1.53419,0.0398,3,3-1,,,43,3,48,0.19
Item0401,0.61732,0.97909,0.14701,2,2-2,,,24,4,60,0.23
Item0402,1.11762,-0.10593,0.07551,2,2-3,,,22,0,43,0.13
Item0403,1.01502,-1.16535,0.15727,2,2-1,,,39,3,37,0.15
Item0404,0.88605,0.46386,0.10477,3,3-2,,,52,5,72,0.38
Item0405,0.93576,-0.24108,0.17914,3,3-3,,,54,0,56,0.47
Item0406,0.87911,-0.54942,0.13009,2,2-1,,,21,4,49,0.32
Item0407,0.89272,2.37037,0.10096,3,3-2,,,23,2,34,0.26
Item0408,0.92357,0.34067,0.13341,3,3-3,,,39,1,24,0.41
Item0409,0.74138,1.30385,0.0906,4,4-1,,,20,2,55,0.48
Item0410,0.96817,2.91839,0.10245,1,1-2,,,36,0,23,0.36
Item0411,1.11107,-0.25637,0.11803,2,2-3,,,54,5,70,0.22
Item0412,0.81623,-1.33365,0.1225,3,3-1,,,31,3,69,0.14
Item0413,0.85804,-2.07957,0.1209,1,1-2,,,31,0,58,0.13
Item0414,0.78646,0.52669,0.07498,3,3-3,,,35,2,18,0.43
Item0415,0.85695,0.85369,0.05452,2,2-1,,,58,5,32,0.44
Item0416,0.88468,0.39521,0.05854,1,1-2,,,43,4,41,0.41
Item0417,1.13536,3.32698,0.07711,3,3-3,,,35,5,27,0.34
Item0418,0.97607,-1.39122,0.11012,3,3-1,,,50,4,34,0.44
Item0419,1.08713,1.97399,0.09007,1,1-2,,,54,1,25,0.4
Item0420,1.1717,-3.69875,0.03441,4,4-3,,,25,1,46,0.37
Item0421,0.7881,-0.12805,0.03299,4,4-1,,,57,3,65,0.19
Item0422,1.04419,-1.09346,0.09731,4,4-2,,,50,1,38,0.15
Item0423,0.79115,-0.4618,0.13042,1,1-3,,,23,0,18,0.47
Item0424,0.8744,-0.94822,0.1043,3,3-1,,,52,0,47,0.22
Item0425,0.99209,-0.18397,0.09199,4,4-2,,,38,3,24,0.14
Item0426,1.24725,-0.54355,0.06353,3,3-3,,,59,2,47,0.22
Item0427,1.02389,-0.60942,0.03722,3,3-1,,,59,3,58,0.5
Item0428,0.82277,0.73922,0.04398,1,1-2,,,20,3,41,0.5
Item0429,1.2194,3.63403,0.17515,1,1-3,,,45,5,65,0.12
Item0430,1.6829,-0.96043,0.06308,2,2-1,,,58,1,23,0.22
Item0431,0.91697,-1.89101,0.15027,2,2-2,,,36,3,54,0.21
Item0432,0.90849,0.41934,0.04505,3,3-3,,,45,2,66,0.3
Item0433,0.66714,0.31927,0.13964,2,2-1,,,26,4,68,0.29
Item0434,0.81366,0.13641,0.04773,4,4-2,,,39,0,54,0.32
Item0435,1.02941,0.16884,0.02422,3,3-3,,,31,1,23,0.47
Item0436,1.32158,-0.61431,0.07577,4,4-1,,,22,3,55,0.41
Item0437,1.07949,-0.26757,0.11537,2,2-2,,,30,2,45,0.19
Item0438,1.08233,0.83422,0.09697,4,4-3,,,47,2,28,0.44
Item0439,0.90225,1.01415,0.09543,2,2-1,,,36,3,22,0.36
Item0440,1.36145,-0.19736,0.11214,1,1-2,,,29,0,25,0.26
Item0441,1.07405,-0.26507,0.07192,4,4-3,,,24,5,40,0.45
Item0442,0.76753,-2.02175,0.09788,3,3-1,,,48,5,30,0.32
Item0443,1.10262,2.04839,0.11364,3,3-2,,,43,1,48,0.26
Item0444,0.78076,-2.43156,0.09075,2,2-3,,,37,3,30,0.19
Item0445,0.69894,-2.05705,0.09658,2,2-1,,,47,3,45,0.47
Item0446,0.91853,-1.2124,0.09354,4,4-2,,,37,3,30,0.18
Item0447,1.60542,0.15234,0.07945,4,4-3,,,52,0,66,0.13
Item0448,1.2822,-0.92618,0.15177,3,3-1,,,37,2,73,0.37
Item0449,0.86132,-0.33756,0.07122,2,2-2,,,51,5,24,0.21
Item0450,0.81776,0.00847,0.0903,1,1-3,,,22,0,72,0.21
Item0451,0.89738,0.88145,0.11672,3,3-1,,,39,3,36,0.37
Item0452,1.00108,2.37189,0.15303,3,3-2,,,42,0,72,0.44
Item0453,0.96266,0.67728,0.08215,3,3-3,,,32,2,47,0.28
Item0454,0.66803,-0.56331,0.12467,3,3-1,,,59,5,48,0.21
Item0455,0.63757,-0.8957,0.09555,4,4-2,,,40,0,23,0.28
Item0456,1.02615,-1.96644,0.09421,4,4-3,,,45,1,38,0.19
Item0457,1.09456,0.09065,0.03633,2,2-1,,,51,2,64,0.32
Item0458,0.94663,0.72595,0.13143,1,1-2,,,28,0,55,0.4
Item0459,0.74008,-0.54801,0.12307,2,2-3,,,56,1,26,0.35
Item0460,1.1336,0.59586,0.20259,4,4-1,,,48,0,74,0.42
Item0461,0.97729,-0.02729,0.07469,4,4-2,,,51,4,73,0.26
Item0462,0.76889,-0.14756,0.10088,4,4-3,,,29,3,24,0.38
Item0463,0.97244,-1.12608,0.14045,2,2-1,,,20,1,30,0.42
Item0464,0.77607,-1.07513,0.08022,2,2-2,,,34,2,20,0.46
Item0465,0.65778,-0.20399,0.06397,1,1-3,,,59,4,77,0.39
Item0466,0.95025,-0.44956,0.08085,3,3-1,,,53,1,64,0.23
Item0467,1.06642,1.97797,0.1176,1,1-2,,,49,2,24,0.12
Item0468,0.83739,-0.0838,0.11894,1,1-3,,,40,0,38,0.28
Item0469,0.75064,0.40932,0.05695,1,1-1,,,46,4,75,0.37
Item0470,0.62633,1.15705,0.07139,2,2-2,,,25,0,75,0.3
Item0471,1.12647,-0.64112,0.06288,3,3-3,,,23,1,20,0.27
Item0472,1.02678,0.97614,0.07729,1,1-1,,,40,5,16,0.17
Item0473,0.85498,1.15135,0.08062,1,1-2,,,23,2,26,0.5
Item0474,0.72836,-0.43526,0.06474,4,4-3,,,45,2,78,0.31
Item0475,1.13153,0.21275,0.09889,4,4-1,,,35,0,25,0.23
Item0476,0.87158,0.0339,0.03483,4,4-2,,,57,1,26,0.48
Item0477,1.2298,0.64725,0.1274,3,3-3,,,39,3,55,0.43
Item0478,0.81229,-1.23688,0.05407,4,4-1,,,35,3,14,0.5
Item0479,0.64586,0.74249,0.08639,1,1-2,,,32,1,65,0.47
Item0480,1.18273,-0.24632,0.1611,3,3-3,,,36,0,21,0.49
Item0481,1.13002,-2.03758,0.09877,2,2-1,,,24,5,61,0.39
Item0482,1.01823,-0.32872,0.16064,2,2-2,,,20,2,68,0.38
Item0483,0.85458,-0.27832,0.09018,2,2-3,,,31,2,46,0.14
Item0484,0.83061,0.06499,0.16197,4,4-1,,,55,3,17,0.12
Item0485,1.15864,1.70973,0.08848,2,2-2,,,60,4,43,0.23
Item0486,0.94644,0.89499,0.05581,1,1-3,,,37,0,20,0.49
Item0487,0.97937,1.20995,0.15019,1,1-1,,,29,5,42,0.22
Item0488,0.7704,0.26302,0.0828,4,4-2,,,25,2,26,0.15
Item0489,1.17918,0.16341,0.0941,1,1-3,,,60,1,31,0.4
Item0490,0.79571,-0.22376,0.19603,1,1-1,,,37,4,47,0.34
Item0491,0.7432,-0.31785,0.13796,4,4-2,,,45,1,40,0.12
Item0492,0.90287,0.23914,0.10447,4,4-3,,,21,2,23,0.3
Item0493,0.90882,0.59501,0.08006,3,3-1,,,31,2,21,0.4
Item0494,0.83675,1.0573,0.07695,4,4-2,,,33,0,52,0.19
Item0495,0.81108,0.73369,0.03501,3,3-3,,,58,1,76,0.32
Item0496,1.21665,0.22278,0.07716,2,2-1,,,24,5,36,0.31
Item0497,0.94924,0.14454,0.09719,4,4-2,,,49,2,56,0.42
Item0498,1.206,-0.3982,0.07086,3,3-3,,,29,4,37,0.29
Item0499,1.58562,1.15332,0.0559,4,4-1,,,48,2,76,0.4
Item0500,0.77705,-0.46772,0.0535,3,3-2,,,34,4,76,0.28
Item0501,1.17944,0.8689,0.12232,2,2-3,,,20,2,79,0.47
Item0502,0.99216,1.36511,0.07911,3,3-1,,,60,5,65,0.46
Item0503,0.80377,0.69515,0.05861,3,3-2,,,21,4,40,0.19
Item0504,0.96667,-0.86059,0.12725,4,4-3,,,40,0,80,0.46
Item0505,1.06596,-2.418,0.12184,1,1-1,,,22,4,26,0.18
Item0506,0.75272,1.16986,0.12421,1,1-2,,,50,0,32,0.47
Item0507,0.96866,-0.0375,0.14428,1,1-3,,,58,2,72,0.13
Item0508,0.81041,0.26698,0.07686,2,2-1,,,24,1,72,0.41
Item0509,0.94387,0.11774,0.09369,1,1-2,,,27,5,33,0.46
Item0510,0.94966,-1.69638,0.09831,1,1-3,,,28,3,76,0.32
Item0511,0.99432,0.64869,0.17614,2,2-1,,,23,4,65,0.13
Item0512,1.3185,-1.57078,0.14712,1,1-2,,,58,5,63,0.48
Item0513,0.98579,0.55067,0.08368,2,2-3,,,51,1,51,0.26
Item0514,1.11567,-0.88489,0.07531,1,1-1,,,38,0,61,0.16
Item0515,0.91136,-0.90938,0.0817,3,3-2,,,24,4,74,0.42
Item0516,0.88036,-1.45642,0.07165,2,2-3,,,58,4,22,0.29
Item0517,0.74275,0.15611,0.19911,1,1-1,,,60,4,27,0.28
Item0518,1.19659,1.95142,0.04611,4,4-2,,,26,1,31,0.4
Item0519,0.85472,0.42428,0.09882,2,2-3,,,45,2,62,0.14
Item0520,1.0716,0.5199,0.12334,4,4-1,,,43,0,45,0.38
Item0521,0.71425,-0.12774,0.06896,4,4-2,,,24,2,45,0.38
Item0522,0.87519,-0.48311,0.07998,1,1-3,,,55,1,40,0.32
Item0523,1.73541,0.54873,0.06637,1,1-1,,,23,2,58,0.12
Item0524,0.77008,-1.02581,0.07851,2,2-2,,,20,0,77,0.14
Item0525,1.27185,-2.23138,0.10539,1,1-3,,,29,0,24,0.39
Item0526,0.88111,1.66467,0.11223,4,4-1,,,52,3,22,0.26
Item0527,0.72129,-1.15427,0.069,1,1-2,,,30,0,44,0.2
Item0528,1.01342,-0.5992,0.07943,1,1-3,,,42,2,30,0.34
Item0529,0.86567,0.80566,0.12318,4,4-1,,,28,3,24,0.12
Item0530,1.49668,2.10833,0.10771,2,2-2,,,48,2,80,0.26
Item0531,1.01606,0.77123,0.11178,1,1-3,,,31,5,55,0.44
Item0532,1.05206,-0.81694,0.14113,4,4-1,,,56,4,48,0.3
Item0533,0.91438,-0.05323,0.05718,3,3-2,,,23,1,79,0.24
Item0534,0.78699,0.3481,0.14291,4,4-3,,,28,4,65,0.21
Item0535,0.93337,-1.44679,0.04799,3,3-1,,,54,2,15,0.36
Item0536,0.83667,-0.14408,0.0423,3,3-2,,,41,2,36,0.36
Item0537,0.72304,1.2399,0.05949,4,4-3,,,30,2,49,0.29
Item0538,0.66902,-1.86639,0.08333,1,1-1,,,36,4,28,0.16
Item0539,0.83408,1.03003,0.10832,4,4-2,,,49,1,23,0.27
Item0540,0.85096,-0.042,0.0179,1,1-3,,,38,3,67,0.26
Item0541,0.64368,1.52675,0.0972,3,3-1,,,25,1,39,0.18
Item0542,1.00776,-1.54465,0.14802,3,3-2,,,28,0,67,0.34
Item0543,0.86369,1.24788,0.09972,4,4-3,,,26,1,38,0.18
Item0544,0.76717,-1.38767,0.11192,4,4-1,,,41,1,78,0.22
Item0545,0.74017,-1.08136,0.05599,2,2-2,,,39,0,54,0.4
Item0546,0.85097,0.18035,0.0584,4,4-3,,,49,0,27,0.25
Item0547,1.06313,-1.4146,0.1091,4,4-1,,,37,1,70,0.49
Item0548,0.88535,-0.32265,0.11042,3,3-2,,,24,0,22,0.39
Item0549,0.74341,0.10545,0.12208,3,3-3,,,35,4,69,0.15
Item0550,0.7385,-0.37332,0.07211,3,3-1,,,53,4,75,0.18
Item0551,0.85856,-0.40617,0.04405,4,4-2,,,26,3,38,0.19
Item0552,0.92177,0.7492,0.06209,1,1-3,,,55,4,52,0.5
Item0553,0.7601,0.08508,0.13393,2,2-1,,,21,1,31,0.42
Item0554,0.93158,-0.84592,0.21833,4,4-2,,,32,2,68,0.31
Item0555,1.11969,-0.64081,0.10247,1,1-3,,,21,1,27,0.15
Item0556,0.85641,-0.15455,0.10577,3,3-1,,,41,4,70,0.28
Item0557,0.9846,-1.74412,0.07936,4,4-2,,,43,4,42,0.18
Item0558,0.63491,0.66208,0.06329,4,4-3,,,48,5,38,0.2
Item0559,1.25381,0.5447,0.04163,3,3-1,,,54,1,64,0.25
Item0560,0.7325,0.76631,0.06825,3,3-2,,,34,1,76,0.28
Item0561,1.20801,-0.28428,0.06814,4,4-3,,,21,4,67,0.47
Item0562,0.78402,-0.25834,0.10956,1,1-1,,,54,4,16,0.15
Item0563,0.83619,-2.36652,0.08119,1,1-2,,,53,4,65,0.49
Item0564,0.95034,-0.70031,0.17347,3,3-3,,,58,5,75,0.37
Item0565,0.79316,1.00902,0.15228,4,4-1,,,30,0,78,0.34
Item0566,0.68921,-0.2928,0.13511,1,1-2,,,26,0,75,0.37
Item0567,0.70996,0.60926,0.20454,3,3-3,,,24,1,22,0.28
Item0568,1.08971,-1.72864,0.05629,3,3-1,,,20,2,17,0.16
Item0569,0.72328,-1.4409,0.07137,1,1-2,,,28,1,25,0.23
Item0570,0.75097,0.60981,0.096,3,3-3,,,33,5,45,0.38
Item0571,0.86611,0.11363,0.06337,2,2-1,,,20,0,39,0.45
Item0572,1.37021,-0.01906,0.11366,3,3-2,,,53,0,66,0.2
Item0573,0.85638,0.61384,0.06682,2,2-3,,,29,4,20,0.12
Item0574,0.78173,-1.22098,0.2014,4,4-1,,,56,1,25,0.22
Item0575,0.83854,-0.12399,0.06733,1,1-2,,,23,1,58,0.27
Item0576,0.94711,-0.11198,0.09827,2,2-3,,,60,1,28,0.48
Item0577,1.04964,0.47197,0.11436,4,4-1,,,24,1,80,0.14
Item0578,0.99679,-0.96404,0.045,3,3-2,,,40,3,63,0.22
Item0579,0.91746,0.55111,0.12014,1,1-3,,,20,5,37,0.21
Item0580,0.82711,-0.24043,0.05458,4,4-1,,,29,2,72,0.43
Item0581,0.7816,0.30954,0.14508,2,2-2,,,56,4,35,0.25
Item0582,0.81264,0.39991,0.10111,3,3-3,,,42,3,79,0.44
Item0583,1.14319,-1.23574,0.08984,1,1-1,,,48,5,48,0.12
Item0584,1.0889,-0.77415,0.07277,4,4-2,,,49,2,20,0.25
Item0585,0.91595,1.26804,0.023,3,3-3,,,50,0,72,0.43
Item0586,1.06191,1.24597,0.12543,2,2-1,,,54,0,76,0.41
Item0587,0.6663,0.76134,0.1329,3,3-2,,,36,1,51,0.45
Item0588,1.08913,-0.61255,0.08992,2,2-3,,,24,1,36,0.3
Item0589,1.30357,-1.06329,0.12508,2,2-1,,,33,3,66,0.18
Item0590,0.67376,-1.1733,0.12717,2,2-2,,,47,2,14,0.49
Item0591,1.03571,-1.58295,0.182,4,4-3,,,25,0,33,0.3
Item0592,0.85312,1.49904,0.08447,4,4-1,,,21,0,23,0.45
Item0593,0.96176,-0.23676,0.08604,3,3-2,,,29,1,36,0.12
Item0594,1.09633,-1.19762,0.11916,3,3-3,,,28,2,54,0.25
Item0595,0.62613,0.59276,0.12695,2,2-1,,,30,3,62,0.34
Item0596,0.89148,-0.19472,0.14097,2,2-2,,,33,4,52,0.18
Item0597,1.00027,-0.97302,0.15186,4,4-3,,,41,3,57,0.46
Item0598,1.15644,-2.75064,0.03359,4,4-1,,,27,3,22,0.13
Item0599,1.00142,-1.49595,0.02837,2,2-2,,,43,3,28,0.15
Item0600,1.02671,-0.251,0.08834,2,2-3,,,53,0,17,0.25
Item0601,0.79079,0.44285,0.08506,1,1-1,,,24,2,72,0.29
Item0602,0.67162,-1.66394,0.09908,4,4-2,,,59,3,43,0.17
Item0603,1.07838,-1.53576,0.09471,3,3-3,,,41,5,66,0.28
Item0604,0.74893,1.4996,0.10738,4,4-1,,,30,5,17,0.42
Item0605,0.97755,-0.7987,0.08732,1,1-2,,,35,3,68,0.13
Item0606,1.00654,-1.45807,0.10572,4,4-3,,,26,0,54,0.32
Item0607,0.95358,0.38089,0.05835,3,3-1,,,48,1,80,0.32
Item0608,0.96177,-0.50967,0.1106,2,2-2,,,24,4,65,0.44
Item0609,0.78591,0.56691,0.08936,3,3-3,,,43,4,36,0.34
Item0610,1.01481,-0.28931,0.13133,3,3-1,,,58,1,69,0.3
Item0611,0.93708,0.8421,0.11591,1,1-2,,,56,5,23,0.3
Item0612,0.74093,0.60823,0.08215,1,1-3,,,32,3,58,0.39
Item0613,0.88346,0.81986,0.06947,1,1-1,,,34,2,35,0.35
Item0614,1.01505,0.85191,0.03171,1,1-2,,,56,0,74,0.34
Item0615,0.86292,0.99556,0.1421,2,2-3,,,24,1,74,0.49
Item0616,0.89332,1.3365,0.05856,2,2-1,,,43,2,55,0.17
Item0617,1.048,-1.46622,0.10722,4,4-2,,,28,5,59,0.2
Item0618,0.7804,-1.63325,0.07722,3,3-3,,,43,4,29,0.5
Item0619,0.7022,-2.1236,0.11847,4,4-1,,,51,4,48,0.4
Item0620,1.14334,-0.35639,0.12087,3,3-2,,,38,0,17,0.23
Item0621,0.6726,-0.67503,0.07785,3,3-3,,,23,3,67,0.41
Item0622,0.69145,0.23958,0.06797,4,4-1,,,26,1,55,0.48
Item0623,1.04522,-1.65956,0.06799,1,1-2,,,32,3,77,0.24
Item0624,1.12996,-0.31807,0.10208,4,4-3,,,59,3,49,0.47
Item0625,0.63662,-0.87463,0.0593,3,3-1,,,57,2,33,0.48
Item0626,0.79603,1.90685,0.07054,1,1-2,,,34,2,44,0.41
Item0627,0.59488,0.28751,0.04767,1,1-3,,,33,5,22,0.3
Item0628,1.07554,-1.42989,0.03942,2,2-1,,,36,1,64,0.13
Item0629,0.80156,1.86696,0.14956,3,3-2,,,44,1,34,0.24
Item0630,0.97156,1.26568,0.10812,1,1-3,,,45,5,69,0.27
Item0631,1.229,-0.02667,0.06782,3,3-1,,,33,0,31,0.42
Item0632,0.82775,-1.10551,0.1211,4,4-2,,,55,4,21,0.26
Item0633,1.0061,0.8847,0.08567,4,4-3,,,31,4,33,0.4
Item0634,0.9601,-0.33603,0.11924,2,2-1,,,21,5,61,0.49
Item0635,1.02946,-0.43783,0.13379,3,3-2,,,41,3,29,0.28
Item0636,0.6957,1.57955,0.05895,3,3-3,,,27,5,65,0.42
Item0637,1.00868,-1.67401,0.14262,2,2-1,,,48,4,58,0.42
Item0638,0.70928,0.24997,0.12689,4,4-2,,,24,3,72,0.4
Item0639,1.36758,1.3562,0.10993,4,4-3,,,58,4,63,0.13
Item0640,1.3134,1.12823,0.20394,1,1-1,,,44,5,33,0.16
Item0641,1.01433,-3.16323,0.19271,1,1-2,,,49,2,79,0.23
Item0642,1.04899,1.51398,0.13671,3,3-3,,,25,5,22,0.49
Item0643,0.86985,-0.07079,0.08064,4,4-1,,,59,4,14,0.12
Item0644,0.91195,-1.85339,0.08697,2,2-2,,,53,2,54,0.32
Item0645,0.88558,1.08206,0.07203,4,4-3,,,28,3,60,0.47
Item0646,1.10828,0.53166,0.07282,1,1-1,,,41,5,35,0.45
Item0647,1.01733,-0.96641,0.04778,2,2-2,,,54,0,39,0.27
Item0648,0.61687,3.40592,0.09492,3,3-3,,,31,2,59,0.18
Item0649,0.84661,0.35242,0.05838,3,3-1,,,24,4,64,0.34
Item0650,0.87256,0.92836,0.09406,1,1-2,,,42,4,24,0.3
Item0651,0.69272,0.06395,0.10428,3,3-3,,,60,1,51,0.16
Item0652,0.92407,-0.87308,0.05842,4,4-1,,,41,5,65,0.31
Item0653,0.68654,-0.65439,0.09703,2,2-2,,,55,1,33,0.3
Item0654,1.12196,-2.81678,0.10718,1,1-3,,,43,5,43,0.22
Item0655,0.77024,-0.25006,0.05882,4,4-1,,,33,2,32,0.21
Item0656,1.10374,-1.09528,0.06071,1,1-2,,,21,0,59,0.45
Item0657,0.80574,-0.18179,0.13076,2,2-3,,,22,3,24,0.18
Item0658,1.04348,-1.22375,0.07836,1,1-1,,,45,5,40,0.38
Item0659,1.19653,-1.77193,0.12177,3,3-2,,,39,5,71,0.12
Item0660,1.09272,-1.42054,0.08352,1,1-3,,,50,1,20,0.23
Item0661,1.11308,-0.61746,0.16611,4,4-1,,,41,5,26,0.15
Item0662,0.9444,0.1136,0.05431,2,2-2,,,30,0,70,0.29
Item0663,1.05621,-1.35671,0.14916,1,1-3,,,28,2,42,0.43
Item0664,1.03075,-0.10669,0.22622,4,4-1,,,54,4,43,0.24
Item0665,1.27027,1.94884,0.06747,4,4-2,,,22,0,56,0.48
Item0666,0.69921,-1.35555,0.10388,4,4-3,,,29,0,40,0.21
Item0667,0.75385,-0.81455,0.16874,3,3-1,,,27,3,17,0.29
Item0668,1.11751,-1.34724,0.07463,3,3-2,,,39,3,29,0.35
Item0669,1.21285,0.09993,0.04598,3,3-3,,,39,4,41,0.13
Item0670,1.19566,-0.95708,0.05557,4,4-1,,,38,4,80,0.39
Item0671,0.85577,0.40938,0.05545,4,4-2,,,35,5,57,0.36
Item0672,1.29582,-0.04817,0.19238,3,3-3,,,47,5,18,0.2
Item0673,0.98945,0.90449,0.08812,4,4-1,,,46,1,19,0.45
Item0674,0.61114,0.55915,0.09466,3,3-2,,,33,1,52,0.39
Item0675,0.86085,0.9887,0.09846,4,4-3,,,23,3,30,0.18
Item0676,0.93217,0.5546,0.03167,1,1-1,,,51,4,65,0.29
Item0677,0.8413,-1.2749,0.05404,2,2-2,,,27,5,23,0.35
Item0678,1.03968,0.01257,0.12694,4,4-3,,,41,2,54,0.29
Item0679,1.30388,0.6854,0.14329,1,1-1,,,59,5,29,0.35
Item0680,1.01932,-0.31503,0.0918,1,1-2,,,54,1,43,0.38
Item0681,0.62172,-0.58369,0.06028,4,4-3,,,31,1,17,0.47
Item0682,0.76969,1.28986,0.05972,3,3-1,,,46,1,53,0.48
Item0683,0.71771,-1.50724,0.10125,4,4-2,,,25,1,57,0.14
Item0684,0.61975,-0.13298,0.15133,4,4-3,,,25,1,21,0.21
Item0685,0.99781,0.04439,0.17099,4,4-1,,,20,2,39,0.12
Item0686,0.76241,0.03657,0.14523,4,4-2,,,60,4,62,0.2
Item0687,0.96397,-3.43321,0.16622,3,3-3,,,39,3,77,0.14
Item0688,1.01823,0.9442,0.14849,2,2-1,,,26,4,80,0.45
Item0689,0.91695,-1.21153,0.05928,2,2-2,,,58,2,28,0.35
Item0690,0.55696,-3.11623,0.11348,1,1-3,,,45,2,55,0.2
Item0691,1.06428,2.47074,0.10844,1,1-1,,,39,0,77,0.24
Item0692,0.87884,0.26369,0.14403,1,1-2,,,21,2,78,0.47
Item0693,0.80259,-1.09261,0.09134,4,4-3,,,48,4,76,0.33
Item0694,0.78797,0.27831,0.03815,3,3-1,,,54,3,49,0.41
Item0695,0.77699,1.74483,0.10159,1,1-2,,,50,0,57,0.49
Item0696,0.8478,-1.12568,0.06429,2,2-3,,,56,3,34,0.16
Item0697,0.67352,-0.17315,0.07218,2,2-1,,,31,1,50,0.29
Item0698,0.72474,0.17443,0.13476,4,4-2,,,33,2,52,0.3
Item0699,0.78972,-2.03141,0.0496,3,3-3,,,25,5,35,0.34
Item0700,0.86545,-1.1162,0.08323,1,1-1,,,60,5,50,0.24
Item0701,0.7217,-0.1001,0.08864,2,2-2,,,58,3,17,0.23
Item0702,0.8531,2.00768,0.08223,4,4-3,,,59,2,18,0.19
Item0703,0.64904,1.24913,0.05442,1,1-1,,,38,2,26,0.4
Item0704,0.97474,0.47779,0.10826,4,4-2,,,36,2,46,0.48
Item0705,1.05672,0.72282,0.0798,4,4-3,,,37,5,35,0.33
Item0706,0.79433,-0.86238,0.05919,2,2-1,,,45,5,26,0.14
Item0707,0.82789,0.47954,0.08979,3,3-2,,,53,4,76,0.33
Item0708,0.87714,-1.62531,0.06997,4,4-3,,,30,3,45,0.42
Item0709,0.91226,-1.21097,0.06709,4,4-1,,,54,1,61,0.16
Item0710,0.74392,-0.5062,0.14532,4,4-2,,,39,4,49,0.43
Item0711,1.08675,0.16786,0.07634,2,2-3,,,26,5,38,0.42
Item0712,1.0342,-0.15958,0.01575,1,1-1,,,51,1,16,0.18
Item0713,0.97923,3.06994,0.10011,4,4-2,,,33,0,16,0.12
Item0714,1.17712,-0.67467,0.08422,2,2-3,,,53,0,32,0.13
Item0715,0.60495,-1.68108,0.11581,1,1-1,,,23,4,68,0.23
Item0716,1.04419,0.52461,0.06797,1,1-2,,,60,1,25,0.46
Item0717,1.13513,0.60616,0.06552,1,1-3,,,43,3,28,0.33
Item0718,0.69971,-0.50693,0.12617,2,2-1,,,40,1,61,0.31
Item0719,0.59165,-0.7893,0.08945,2,2-2,,,27,1,78,0.33
Item0720,1.03283,-0.37593,0.09275,1,1-3,,,49,3,60,0.19
Item0721,1.02224,1.2558,0.11695,1,1-1,,,35,5,60,0.19
Item0722,0.66833,-1.12594,0.07146,4,4-2,,,43,1,21,0.17
Item0723,1.00608,0.73892,0.12802,1,1-3,,,58,5,36,0.48
Item0724,0.80246,-0.37724,0.09323,1,1-1,,,52,3,34,0.2
Item0725,1.03098,0.32975,0.11363,4,4-2,,,45,4,17,0.49
Item0726,0.94582,-0.89113,0.08355,4,4-3,,,30,5,59,0.28
Item0727,0.78317,1.35571,0.09936,1,1-1,,,50,0,33,0.2
Item0728,0.98616,1.49611,0.18049,2,2-2,,,21,2,32,0.29
Item0729,1.4586,2.281,0.19761,1,1-3,,,39,3,27,0.14
Item0730,0.84331,-1.46151,0.1143,1,1-1,,,55,3,31,0.42
Item0731,0.90299,0.51022,0.15893,1,1-2,,,60,1,40,0.26
Item0732,1.15553,0.27638,0.04772,2,2-3,,,40,1,31,0.24
Item0733,1.22764,0.62779,0.06945,1,1-1,,,22,2,62,0.49
Item0734,0.87206,-0.25975,0.08223,4,4-2,,,21,1,64,0.18
Item0735,1.32455,2.15821,0.09429,4,4-3,,,29,0,39,0.41
Item0736,1.09604,0.94827,0.15777,3,3-1,,,25,3,52,0.29
Item0737,1.18258,-2.04855,0.09908,4,4-2,,,56,5,28,0.36
Item0738,0.75589,-0.34852,0.02909,1,1-3,,,52,1,52,0.12
Item0739,1.03214,-0.58316,0.11071,1,1-1,,,41,1,58,0.13
Item0740,0.87268,0.62756,0.13977,1,1-2,,,47,3,29,0.3
Item0741,0.97452,-0.53427,0.24253,4,4-3,,,37,5,62,0.35
Item0742,0.86271,-1.54547,0.085,1,1-1,,,25,3,32,0.48
Item0743,0.88801,-0.83248,0.16225,2,2-2,,,46,2,71,0.29
Item0744,1.36241,-1.50139,0.13968,1,1-3,,,30,1,74,0.22
Item0745,0.95066,-1.22022,0.12678,2,2-1,,,20,4,57,0.18
Item0746,0.72632,-1.17909,0.08597,4,4-2,,,60,0,25,0.22
Item0747,0.80541,0.32074,0.13527,4,4-3,,,34,3,70,0.4
Item0748,1.14878,-0.16733,0.11801,1,1-1,,,32,4,73,0.45
Item0749,0.95865,-3.03536,0.12656,1,1-2,,,34,1,41,0.3
Item0750,0.91558,0.71829,0.05858,2,2-3,,,55,4,37,0.45
